Rk,Player,Age,Team,Pos,G,GS,MP,FG,FGA,FG%,3P,3PA,3P%,2P,2PA,2P%,eFG%,FT,FTA,FT%,ORB,DRB,TRB,AST,STL,BLK,TOV,PF,PTS,Awards
1.0,Shai Gilgeous-Alexander,26.0,OKC,PG,53.0,53.0,34.0,11.2,21.5,0.523,2.1,5.7,0.359,9.2,15.8,0.583,0.571,7.9,8.8,0.897,0.9,4.2,5.1,6.1,1.9,1.0,2.5,2.2,32.5,
2.0,Giannis Antetokounmpo,30.0,MIL,PF,41.0,41.0,34.9,12.7,20.9,0.608,0.1,0.8,0.188,12.6,20.1,0.624,0.611,6.2,10.7,0.577,2.3,9.9,12.2,5.9,0.8,1.3,3.4,2.4,31.8,
3.0,Nikola Jokić,29.0,DEN,C,49.0,49.0,36.0,11.3,19.7,0.577,2.0,4.5,0.45,9.3,15.2,0.615,0.629,5.0,6.1,0.823,3.0,9.6,12.6,10.2,1.8,0.7,3.1,2.2,29.8,
4.0,Tyrese Maxey,24.0,PHI,PG,46.0,46.0,38.0,9.6,21.5,0.447,3.3,9.6,0.346,6.3,11.9,0.528,0.524,5.0,5.8,0.872,0.3,3.2,3.5,6.1,1.9,0.4,2.5,2.3,27.6,
5.0,Anthony Edwards,23.0,MIN,SG,54.0,54.0,36.7,9.1,20.8,0.44,4.2,10.1,0.414,4.9,10.7,0.464,0.54,5.0,5.9,0.843,0.8,5.0,5.8,4.5,1.2,0.6,3.5,1.9,27.5,
6.0,LaMelo Ball,23.0,CHO,PG,33.0,33.0,32.7,9.5,22.8,0.416,4.0,11.9,0.338,5.5,10.8,0.503,0.505,4.3,5.3,0.822,0.9,4.2,5.1,7.2,1.3,0.3,3.6,3.3,27.3,
7.0,Kevin Durant,36.0,PHO,PF,41.0,41.0,36.5,10.0,18.7,0.532,2.4,5.9,0.404,7.6,12.9,0.59,0.595,5.1,6.1,0.825,0.4,5.6,6.0,4.2,0.9,1.4,3.1,1.8,27.3,
8.0,Luka Dončić,25.0,2TM,PG,24.0,24.0,34.7,9.5,20.5,0.46,3.3,9.5,0.348,6.2,11.1,0.556,0.541,4.8,6.4,0.753,0.8,7.3,8.0,7.5,1.9,0.4,3.4,2.8,27.0,
9.0,Luka Dončić,25.0,DAL,PG,22.0,22.0,35.7,9.8,21.2,0.464,3.4,9.6,0.354,6.4,11.5,0.555,0.544,5.1,6.6,0.767,0.7,7.6,8.3,7.8,2.0,0.4,3.4,2.6,28.1,
10.0,Luka Dončić,25.0,LAL,PG,2.0,2.0,23.5,5.5,13.5,0.407,2.0,7.5,0.267,3.5,6.0,0.583,0.481,2.0,4.0,0.5,1.0,3.5,4.5,4.0,0.5,0.5,3.0,4.0,15.0,
11.0,Jayson Tatum,26.0,BOS,PF,52.0,52.0,36.4,9.1,20.1,0.455,3.6,10.2,0.358,5.5,9.9,0.553,0.545,5.1,6.5,0.795,0.6,8.1,8.7,5.6,1.2,0.5,2.8,2.2,27.0,
12.0,Devin Booker,28.0,PHO,SG,48.0,48.0,37.2,8.6,18.9,0.453,2.6,7.7,0.339,6.0,11.2,0.532,0.522,6.4,7.2,0.896,1.0,3.1,4.0,6.7,1.0,0.3,2.7,2.4,26.2,
13.0,Jalen Brunson,28.0,NYK,PG,53.0,53.0,35.2,9.0,18.3,0.492,2.3,5.8,0.397,6.7,12.5,0.535,0.555,5.8,7.1,0.816,0.4,2.4,2.8,7.5,0.9,0.1,2.4,2.2,26.1,
14.0,Damian Lillard,34.0,MIL,PG,44.0,44.0,36.5,8.0,17.6,0.452,3.5,9.1,0.382,4.5,8.5,0.527,0.55,6.4,6.9,0.921,0.6,4.2,4.7,7.5,1.2,0.2,3.0,1.8,25.8,
15.0,Anthony Davis,31.0,2TM,PF,43.0,43.0,34.2,9.5,18.0,0.528,0.7,2.2,0.313,8.8,15.8,0.559,0.548,6.0,7.6,0.786,2.9,9.1,12.0,3.4,1.3,2.2,2.2,1.9,25.7,
16.0,Anthony Davis,31.0,LAL,C,42.0,42.0,34.3,9.5,18.0,0.528,0.7,2.2,0.298,8.9,15.8,0.56,0.546,6.0,7.6,0.788,2.8,9.0,11.9,3.4,1.3,2.1,2.2,2.0,25.7,
17.0,Anthony Davis,31.0,DAL,PF,1.0,1.0,31.0,10.0,18.0,0.556,2.0,2.0,1.0,8.0,16.0,0.5,0.611,4.0,6.0,0.667,4.0,12.0,16.0,7.0,0.0,3.0,1.0,0.0,26.0,
18.0,Cade Cunningham,23.0,DET,PG,50.0,50.0,35.5,9.5,20.9,0.455,2.2,6.3,0.351,7.3,14.6,0.5,0.508,4.2,4.9,0.85,0.9,5.5,6.3,9.4,0.9,0.8,4.4,2.6,25.4,
19.0,Franz Wagner,23.0,ORL,SF,36.0,36.0,33.0,9.1,19.5,0.465,2.0,6.3,0.317,7.1,13.2,0.536,0.516,4.9,5.7,0.864,1.0,4.6,5.6,4.9,1.4,0.4,2.3,2.5,25.1,
20.0,Joel Embiid,30.0,PHI,C,17.0,17.0,30.4,7.8,17.2,0.454,1.4,4.1,0.333,6.5,13.2,0.491,0.493,7.9,9.1,0.87,1.9,6.6,8.5,4.5,0.8,1.0,3.4,2.3,24.9,
21.0,Cam Thomas,23.0,BRK,SG,19.0,17.0,32.3,7.9,17.7,0.448,2.8,7.6,0.375,5.1,10.2,0.503,0.528,5.9,6.8,0.876,0.5,3.1,3.6,3.4,0.7,0.1,2.7,1.9,24.7,
22.0,Karl-Anthony Towns,29.0,NYK,C,49.0,49.0,34.9,8.9,16.6,0.534,2.1,4.8,0.438,6.8,11.9,0.572,0.596,4.9,5.8,0.842,3.1,10.3,13.4,3.3,1.0,0.8,2.6,3.5,24.7,
23.0,De'Aaron Fox,27.0,2TM,PG,50.0,50.0,36.8,9.1,19.3,0.471,2.0,6.1,0.319,7.1,13.1,0.543,0.522,4.5,5.5,0.822,1.0,3.9,4.8,6.3,1.5,0.4,2.9,2.7,24.6,
24.0,De'Aaron Fox,27.0,SAC,PG,45.0,45.0,37.0,9.2,19.6,0.469,2.0,6.4,0.322,7.2,13.3,0.539,0.521,4.5,5.5,0.829,1.0,4.0,5.0,6.1,1.5,0.4,3.0,2.6,25.0,
25.0,De'Aaron Fox,27.0,SAS,PG,5.0,5.0,35.8,8.0,16.0,0.5,1.2,4.2,0.286,6.8,11.8,0.576,0.538,4.4,5.8,0.759,0.6,2.8,3.4,7.8,1.8,0.0,2.0,3.8,21.6,
26.0,Kyrie Irving,32.0,DAL,SG,44.0,44.0,36.6,9.0,18.8,0.478,2.9,7.1,0.413,6.0,11.7,0.517,0.556,3.8,4.2,0.902,1.2,3.6,4.8,4.8,1.3,0.4,2.3,2.0,24.6,
27.0,Zion Williamson,24.0,NOP,PF,18.0,18.0,28.2,9.3,17.1,0.547,0.2,0.7,0.25,9.2,16.4,0.559,0.552,5.6,8.6,0.649,2.7,4.7,7.4,5.0,1.3,0.9,3.1,3.0,24.4,
28.0,LeBron James,40.0,LAL,SF,48.0,48.0,34.5,9.3,18.1,0.516,2.2,5.6,0.395,7.1,12.4,0.571,0.578,3.4,4.5,0.759,0.9,6.9,7.7,9.0,0.9,0.5,3.8,1.4,24.3,
29.0,Victor Wembanyama,21.0,SAS,C,46.0,46.0,33.2,8.9,18.6,0.476,3.1,8.8,0.352,5.8,9.9,0.586,0.559,3.4,4.1,0.836,1.8,9.2,11.0,3.7,1.1,3.8,3.2,2.3,24.3,
30.0,Norman Powell,31.0,LAC,SG,45.0,45.0,33.6,8.4,17.0,0.496,3.4,7.8,0.428,5.1,9.1,0.555,0.595,4.0,4.9,0.819,0.4,3.2,3.6,2.2,1.3,0.2,2.1,1.9,24.2,
31.0,Tyler Herro,25.0,MIA,SG,51.0,51.0,35.6,8.3,17.8,0.465,3.7,9.7,0.38,4.6,8.1,0.567,0.569,3.6,4.2,0.854,0.4,5.2,5.5,5.5,0.8,0.1,2.7,1.4,23.9,
32.0,Donovan Mitchell,28.0,CLE,SG,51.0,51.0,31.3,8.4,18.6,0.454,3.6,9.2,0.391,4.8,9.4,0.516,0.551,3.5,4.2,0.835,0.7,3.7,4.4,4.8,1.4,0.2,2.0,2.0,23.9,
33.0,Zach LaVine,29.0,2TM,SF,48.0,48.0,34.5,8.5,16.9,0.501,3.1,7.3,0.422,5.4,9.6,0.562,0.592,3.6,4.4,0.817,0.3,4.3,4.6,4.6,0.9,0.2,2.8,1.5,23.7,
34.0,Zach LaVine,29.0,CHI,SF,42.0,42.0,34.1,8.6,16.9,0.511,3.2,7.3,0.446,5.4,9.6,0.56,0.607,3.5,4.3,0.797,0.3,4.5,4.8,4.5,0.9,0.2,2.9,1.5,24.0,
35.0,Zach LaVine,29.0,SAC,SG,6.0,6.0,37.2,7.3,17.0,0.431,2.0,7.7,0.261,5.3,9.3,0.571,0.49,4.8,5.2,0.935,0.3,2.7,3.0,5.0,1.0,0.2,2.3,1.7,21.5,
36.0,Trae Young,26.0,ATL,PG,51.0,51.0,36.2,7.3,18.0,0.407,2.9,8.7,0.336,4.4,9.2,0.473,0.489,6.1,7.1,0.857,0.5,2.7,3.2,11.5,1.2,0.2,4.8,2.0,23.7,
37.0,Stephen Curry,36.0,GSW,PG,46.0,46.0,32.2,7.8,18.0,0.434,4.4,11.2,0.39,3.4,6.8,0.508,0.556,3.5,3.7,0.924,0.6,4.0,4.5,6.1,1.0,0.5,2.9,1.3,23.4,
38.0,Jaren Jackson Jr.,25.0,MEM,C,52.0,52.0,29.8,8.3,16.8,0.495,1.9,5.3,0.364,6.4,11.5,0.556,0.553,4.5,5.8,0.772,1.4,4.6,6.0,2.2,1.3,1.6,2.3,3.3,23.0,
39.0,Jaylen Brown,28.0,BOS,SF,46.0,46.0,35.3,8.5,18.5,0.461,1.9,6.0,0.324,6.6,12.5,0.526,0.513,4.0,5.3,0.746,1.4,4.6,6.0,4.8,1.2,0.3,2.7,2.6,22.9,
40.0,Paolo Banchero,22.0,ORL,PF,22.0,22.0,33.2,8.0,18.7,0.427,1.7,5.5,0.303,6.3,13.2,0.479,0.472,4.9,7.5,0.652,1.1,6.0,7.1,5.0,0.6,0.8,3.1,2.2,22.5,
41.0,CJ McCollum,33.0,NOP,PG,41.0,41.0,33.5,8.4,18.5,0.455,3.2,8.3,0.382,5.3,10.2,0.514,0.541,2.5,3.4,0.723,0.7,3.0,3.7,3.7,0.8,0.5,1.8,2.3,22.5,
42.0,Trey Murphy III,24.0,NOP,SF,39.0,37.0,35.6,7.5,16.2,0.463,3.2,8.5,0.376,4.3,7.7,0.56,0.562,4.3,4.8,0.888,0.8,4.3,5.2,3.6,1.2,0.7,1.8,2.2,22.4,
43.0,Brandon Ingram,27.0,NOP,SF,18.0,18.0,33.1,8.6,18.5,0.465,2.4,6.4,0.374,6.2,12.1,0.514,0.53,2.6,3.1,0.855,0.9,4.6,5.6,5.2,0.9,0.6,3.8,2.5,22.2,
44.0,DeMar DeRozan,35.0,SAC,SF,50.0,50.0,36.0,8.1,16.6,0.487,1.0,2.9,0.34,7.1,13.7,0.518,0.517,4.7,5.5,0.864,0.5,3.3,3.9,3.7,1.0,0.4,1.4,1.9,21.9,
45.0,RJ Barrett,24.0,TOR,SF,42.0,42.0,33.2,8.2,17.3,0.473,1.8,5.2,0.35,6.4,12.1,0.527,0.526,3.5,5.4,0.648,1.0,5.6,6.6,5.6,0.9,0.3,3.0,2.6,21.7,
46.0,Darius Garland,25.0,CLE,PG,52.0,52.0,30.2,7.8,15.6,0.498,3.0,7.0,0.431,4.8,8.6,0.552,0.594,3.1,3.5,0.875,0.6,1.9,2.5,6.7,1.1,0.2,2.5,2.1,21.6,
47.0,James Harden,35.0,LAC,PG,51.0,51.0,34.3,6.3,15.9,0.394,2.8,8.2,0.342,3.5,7.7,0.449,0.482,6.1,6.9,0.887,0.6,5.2,5.8,8.6,1.5,0.6,4.5,2.1,21.5,
48.0,Jalen Green,22.0,HOU,SG,55.0,55.0,33.2,7.5,17.6,0.425,2.8,8.1,0.35,4.7,9.5,0.489,0.505,3.4,4.0,0.842,0.6,3.7,4.3,3.0,0.8,0.3,2.5,1.7,21.2,
49.0,Jordan Poole,25.0,WAS,SG,47.0,47.0,31.4,6.9,16.5,0.418,3.5,9.5,0.371,3.4,7.0,0.48,0.524,3.9,4.4,0.875,0.5,2.7,3.2,4.9,1.4,0.5,3.4,3.2,21.2,
50.0,Brandon Miller,22.0,CHO,SF,27.0,27.0,34.2,7.3,18.2,0.403,3.9,10.9,0.355,3.5,7.3,0.475,0.509,2.5,2.9,0.861,0.9,3.9,4.9,3.6,1.1,0.7,2.8,2.7,21.0,
51.0,Jamal Murray,27.0,DEN,PG,48.0,48.0,36.0,7.9,16.7,0.471,2.1,5.7,0.375,5.7,11.0,0.521,0.535,3.1,3.6,0.872,0.6,3.3,3.9,6.1,1.5,0.5,2.1,1.9,21.0,
52.0,Jalen Williams,23.0,OKC,SG,51.0,51.0,32.6,8.1,17.0,0.479,1.7,4.9,0.343,6.5,12.1,0.533,0.528,3.0,3.9,0.775,0.9,4.6,5.5,5.1,1.7,0.7,2.2,2.4,21.0,
53.0,Ja Morant,25.0,MEM,PG,32.0,32.0,28.8,7.1,15.9,0.447,1.6,4.9,0.321,5.5,11.0,0.503,0.496,4.9,6.1,0.81,0.7,3.6,4.3,7.4,1.3,0.3,3.8,1.8,20.7,
54.0,Pascal Siakam,30.0,IND,PF,53.0,53.0,33.2,7.9,15.1,0.526,1.7,4.2,0.408,6.2,10.9,0.572,0.583,3.1,4.0,0.777,1.7,5.5,7.3,3.4,1.0,0.5,1.3,2.6,20.7,
55.0,Domantas Sabonis,28.0,SAC,C,52.0,52.0,36.1,8.0,13.3,0.6,1.1,2.4,0.455,6.9,11.0,0.632,0.641,3.3,4.4,0.751,4.2,10.4,14.6,6.2,0.6,0.4,3.0,3.6,20.4,
56.0,Scottie Barnes,23.0,TOR,PF,42.0,42.0,34.6,7.6,17.0,0.447,1.3,4.9,0.266,6.3,12.1,0.521,0.485,3.6,4.6,0.769,1.5,6.4,7.9,6.3,1.5,1.1,3.0,2.0,20.1,
57.0,Lauri Markkanen,27.0,UTA,PF,41.0,41.0,32.1,6.4,14.9,0.432,3.0,8.4,0.353,3.5,6.5,0.536,0.532,3.7,4.3,0.869,1.6,4.5,6.1,1.6,0.8,0.4,1.4,1.8,19.6,
58.0,Miles Bridges,26.0,CHO,PF,38.0,38.0,32.1,7.2,16.6,0.431,2.0,6.7,0.302,5.1,9.9,0.519,0.492,3.2,3.7,0.864,1.1,6.7,7.7,3.8,0.7,0.6,2.0,1.5,19.5,
59.0,Kristaps Porziņģis,29.0,BOS,C,29.0,29.0,29.0,6.6,13.7,0.48,2.4,6.0,0.405,4.2,7.8,0.538,0.568,3.8,4.7,0.822,1.6,5.4,7.0,2.0,0.8,1.6,1.1,2.8,19.4,
60.0,Cameron Johnson,28.0,BRK,PF,39.0,39.0,31.9,6.4,13.0,0.488,3.1,7.5,0.413,3.3,5.5,0.591,0.607,3.3,3.6,0.894,0.8,3.3,4.2,2.9,0.8,0.5,1.6,1.7,19.1,
61.0,Austin Reaves,26.0,LAL,SG,47.0,47.0,34.8,6.2,13.9,0.446,2.6,7.1,0.359,3.7,6.8,0.538,0.538,4.1,4.8,0.862,0.9,3.6,4.4,6.2,1.2,0.2,2.4,2.0,19.1,
62.0,Nikola Vučević,34.0,CHI,C,54.0,54.0,32.1,7.8,14.5,0.539,1.7,4.6,0.382,6.1,9.9,0.611,0.599,1.8,2.2,0.814,2.4,7.9,10.3,3.5,0.9,0.7,1.6,2.4,19.1,
63.0,Michael Porter Jr.,26.0,DEN,SF,52.0,52.0,33.3,7.2,13.7,0.523,2.7,6.4,0.417,4.5,7.3,0.616,0.621,1.9,2.6,0.743,1.7,4.8,6.5,2.2,0.6,0.5,1.4,1.8,19.0,
64.0,Jalen Johnson,23.0,ATL,SF,36.0,36.0,35.7,7.5,15.1,0.5,1.2,3.9,0.312,6.3,11.1,0.566,0.541,2.6,3.5,0.746,1.7,8.3,10.0,5.0,1.6,1.0,2.9,1.9,18.9,
65.0,Julius Randle,30.0,MIN,PF,48.0,48.0,32.6,6.6,14.0,0.47,1.5,4.6,0.321,5.1,9.4,0.542,0.522,4.2,5.2,0.811,2.1,5.0,7.2,4.5,0.7,0.2,2.8,2.5,18.9,
66.0,De'Andre Hunter,27.0,2TM,SF,39.0,5.0,28.6,6.1,13.1,0.462,2.7,6.7,0.4,3.4,6.4,0.526,0.564,4.0,4.7,0.857,0.7,3.2,3.9,1.5,0.8,0.1,1.5,2.5,18.8,
67.0,De'Andre Hunter,27.0,ATL,SF,37.0,4.0,28.8,6.1,13.3,0.461,2.6,6.7,0.393,3.5,6.6,0.531,0.56,4.1,4.8,0.858,0.7,3.2,3.9,1.5,0.8,0.1,1.6,2.4,19.0,
68.0,De'Andre Hunter,27.0,CLE,SF,2.0,1.0,25.0,4.5,9.5,0.474,3.5,6.5,0.538,1.0,3.0,0.333,0.658,2.5,3.0,0.833,0.0,3.0,3.0,0.0,1.0,0.0,0.5,4.5,15.0,
69.0,Alperen Şengün,22.0,HOU,C,52.0,52.0,31.1,7.4,15.1,0.491,0.3,1.4,0.23,7.1,13.7,0.518,0.502,3.6,5.2,0.694,3.3,7.2,10.5,4.9,1.2,0.8,2.4,2.8,18.8,
70.0,Anfernee Simons,25.0,POR,SG,51.0,51.0,32.4,6.6,15.4,0.426,3.0,8.1,0.374,3.5,7.3,0.483,0.524,2.4,2.7,0.905,0.3,2.4,2.7,5.0,0.8,0.1,2.1,1.8,18.6,
71.0,Evan Mobley,23.0,CLE,PF,48.0,48.0,30.0,7.2,12.6,0.569,1.1,2.8,0.378,6.1,9.8,0.623,0.611,3.1,4.1,0.754,2.2,7.0,9.1,3.0,0.9,1.5,1.9,2.1,18.5,
72.0,Collin Sexton,26.0,UTA,SG,46.0,44.0,28.5,6.5,13.6,0.478,1.9,4.6,0.412,4.6,9.0,0.511,0.547,3.5,3.9,0.894,1.1,1.8,2.9,4.1,0.7,0.1,2.5,2.3,18.3,
73.0,Coby White,24.0,CHI,SG,48.0,48.0,32.6,6.1,14.3,0.427,3.0,8.2,0.371,3.0,6.0,0.503,0.534,3.0,3.3,0.894,0.4,3.0,3.3,4.5,0.9,0.2,2.4,2.2,18.2,
74.0,Desmond Bane,26.0,MEM,SG,43.0,42.0,30.5,6.8,13.8,0.496,2.3,5.7,0.393,4.6,8.0,0.569,0.578,2.2,2.6,0.856,0.9,4.9,5.8,5.4,1.2,0.4,2.6,2.4,18.1,
75.0,John Collins,27.0,UTA,PF,36.0,27.0,30.5,6.6,12.6,0.524,1.4,3.4,0.423,5.1,9.1,0.562,0.582,3.5,4.0,0.876,2.2,6.0,8.2,2.1,1.0,1.1,2.7,3.0,18.1,
76.0,Malik Monk,26.0,SAC,SG,47.0,34.0,32.6,6.6,15.1,0.439,2.3,6.9,0.325,4.4,8.1,0.537,0.514,2.6,2.9,0.877,0.4,3.4,3.8,5.9,1.0,0.6,2.3,2.7,18.1,
77.0,Tyrese Haliburton,24.0,IND,PG,52.0,52.0,34.0,6.2,13.8,0.449,2.9,7.8,0.369,3.3,6.0,0.555,0.554,2.5,3.0,0.846,0.6,3.0,3.6,8.5,1.3,0.7,1.8,1.3,17.8,
78.0,Mikal Bridges,28.0,NYK,SF,54.0,54.0,38.2,7.3,14.8,0.492,2.3,6.4,0.359,5.0,8.4,0.593,0.569,0.9,1.1,0.742,0.9,2.3,3.1,3.3,1.0,0.5,1.5,1.5,17.7,
79.0,Jimmy Butler,35.0,2TM,SF,29.0,29.0,30.9,5.8,11.0,0.524,0.5,1.5,0.326,5.3,9.5,0.554,0.545,5.6,6.9,0.811,2.5,3.0,5.5,4.9,1.1,0.4,1.2,1.1,17.6,
80.0,Jimmy Butler,35.0,MIA,PF,25.0,25.0,30.6,5.7,10.5,0.54,0.5,1.4,0.361,5.2,9.1,0.568,0.565,5.2,6.4,0.801,2.2,3.0,5.2,4.8,1.1,0.4,1.2,0.9,17.0,
81.0,Jimmy Butler,35.0,GSW,SF,4.0,4.0,32.5,6.3,14.0,0.446,0.3,1.8,0.143,6.0,12.3,0.49,0.455,8.5,10.0,0.85,4.3,2.8,7.0,5.3,1.3,0.5,1.3,2.0,21.3,
82.0,Jaden Ivey,22.0,DET,SG,30.0,30.0,29.9,6.3,13.8,0.46,2.1,5.1,0.409,4.2,8.6,0.49,0.536,2.8,3.9,0.733,1.3,2.8,4.1,4.0,0.9,0.4,3.0,2.2,17.6,
83.0,Dejounte Murray,28.0,NOP,PG,31.0,31.0,32.6,6.3,15.9,0.393,1.7,5.6,0.299,4.6,10.3,0.444,0.445,3.3,4.0,0.823,0.5,5.9,6.5,7.4,2.0,0.4,3.4,2.0,17.5,
84.0,Bradley Beal,31.0,PHO,SG,37.0,23.0,32.4,6.6,13.3,0.495,2.0,5.1,0.401,4.5,8.2,0.553,0.571,2.2,2.7,0.81,0.7,2.7,3.4,3.4,1.1,0.6,2.0,2.6,17.4,
85.0,Andrew Wiggins,29.0,2TM,SF,45.0,45.0,30.2,6.0,13.6,0.438,2.2,5.8,0.372,3.8,7.8,0.487,0.517,3.2,4.2,0.777,1.6,3.0,4.6,2.4,0.9,0.8,1.3,1.6,17.3,
86.0,Andrew Wiggins,29.0,GSW,SF,43.0,43.0,30.1,6.1,13.7,0.444,2.2,5.8,0.379,3.9,7.9,0.491,0.524,3.2,4.2,0.777,1.5,3.0,4.6,2.3,0.9,0.8,1.3,1.6,17.6,
87.0,Andrew Wiggins,29.0,MIA,SF,2.0,2.0,32.5,3.5,12.0,0.292,1.5,6.5,0.231,2.0,5.5,0.364,0.354,3.5,4.5,0.778,2.0,2.5,4.5,4.0,1.0,1.0,1.5,1.5,12.0,
88.0,Shaedon Sharpe,21.0,POR,SG,47.0,31.0,30.2,6.4,14.4,0.443,1.9,6.1,0.309,4.5,8.2,0.543,0.509,2.5,3.1,0.801,0.7,3.1,3.8,2.5,0.8,0.2,1.8,1.8,17.1,
89.0,Jordan Clarkson,32.0,UTA,SG,30.0,7.0,26.3,5.7,13.7,0.417,2.4,6.3,0.379,3.3,7.4,0.45,0.505,3.1,3.9,0.803,0.6,2.7,3.3,3.9,0.8,0.3,2.1,1.6,17.0,
90.0,Jonathan Kuminga,22.0,GSW,PF,32.0,10.0,26.0,6.1,13.2,0.459,1.3,3.6,0.345,4.8,9.6,0.502,0.506,3.4,5.3,0.639,1.4,3.6,5.0,2.2,0.9,0.6,1.6,1.9,16.8,
91.0,Bam Adebayo,27.0,MIA,C,51.0,51.0,34.0,6.5,13.7,0.471,0.8,2.6,0.299,5.7,11.1,0.512,0.5,3.0,4.1,0.733,2.6,7.5,10.1,4.5,1.2,0.8,2.2,2.2,16.7,
92.0,Bennedict Mathurin,22.0,IND,SF,51.0,44.0,31.5,5.8,12.3,0.475,1.5,4.2,0.355,4.4,8.1,0.536,0.535,3.4,4.2,0.818,1.3,4.4,5.7,1.9,0.6,0.4,1.9,2.4,16.6,
93.0,Malik Beasley,28.0,DET,SG,55.0,12.0,27.6,5.8,13.2,0.438,3.9,9.4,0.418,1.8,3.8,0.488,0.587,1.1,1.6,0.667,0.6,2.3,2.9,1.7,1.0,0.0,1.0,1.5,16.5,
94.0,OG Anunoby,27.0,NYK,PF,49.0,49.0,36.3,6.2,12.8,0.482,2.1,5.8,0.365,4.1,7.0,0.577,0.564,1.9,2.4,0.792,1.3,3.4,4.7,2.0,1.4,0.9,1.3,2.3,16.4,
95.0,Keyonte George,21.0,UTA,PG,44.0,32.0,31.6,5.3,13.5,0.395,2.5,7.5,0.334,2.8,5.9,0.471,0.488,3.3,4.0,0.818,0.4,3.2,3.6,6.0,0.7,0.2,2.9,1.8,16.4,
96.0,Kawhi Leonard,33.0,LAC,SF,15.0,15.0,26.0,6.5,14.1,0.464,1.5,4.3,0.359,5.0,9.8,0.51,0.519,1.7,2.1,0.813,0.6,4.0,4.6,2.7,1.0,0.5,2.1,1.3,16.3,
97.0,Jalen Suggs,23.0,ORL,PG,35.0,35.0,28.6,5.6,13.7,0.41,2.2,6.9,0.314,3.5,6.8,0.506,0.489,2.8,3.1,0.882,0.7,3.4,4.0,3.7,1.5,0.9,2.9,2.8,16.2,
98.0,Paul George,34.0,PHI,PF,35.0,35.0,32.1,5.9,13.9,0.426,2.3,6.5,0.363,3.6,7.4,0.481,0.51,2.0,2.4,0.821,0.6,4.7,5.3,4.4,1.8,0.5,2.6,2.5,16.1,
99.0,Derrick White,30.0,BOS,SG,52.0,52.0,33.7,5.5,12.5,0.441,3.3,8.8,0.378,2.2,3.7,0.592,0.574,1.8,2.1,0.838,0.9,3.3,4.2,4.3,0.8,1.1,1.6,1.8,16.1,
100.0,Damion Baugh,24.0,CHO,SG,1.0,0.0,27.0,5.0,8.0,0.625,2.0,4.0,0.5,3.0,4.0,0.75,0.75,4.0,4.0,1.0,0.0,5.0,5.0,3.0,1.0,0.0,2.0,3.0,16.0,
101.0,Devin Vassell,24.0,SAS,SG,37.0,26.0,30.5,6.1,13.9,0.437,2.3,6.4,0.354,3.8,7.5,0.507,0.518,1.5,2.0,0.753,0.6,2.9,3.5,2.9,1.2,0.5,1.5,1.5,15.9,
102.0,Mark Williams,23.0,CHO,C,23.0,20.0,25.0,6.1,10.4,0.586,0.0,0.0,0.0,6.1,10.3,0.588,0.586,3.4,4.3,0.78,3.3,6.3,9.6,2.5,0.7,1.2,1.0,2.6,15.6,
103.0,Kyle Kuzma,29.0,2TM,PF,36.0,33.0,28.3,5.9,14.1,0.42,1.4,4.9,0.275,4.6,9.1,0.498,0.468,2.1,3.4,0.618,0.8,5.3,6.1,2.5,0.6,0.2,2.3,1.8,15.3,
104.0,Kyle Kuzma,29.0,WAS,PF,32.0,30.0,27.7,6.0,14.2,0.42,1.4,5.0,0.281,4.6,9.2,0.495,0.469,1.8,3.1,0.602,0.8,4.9,5.8,2.5,0.6,0.2,2.3,1.6,15.2,
105.0,Kyle Kuzma,29.0,MIL,PF,4.0,3.0,33.3,5.5,13.0,0.423,1.0,4.5,0.222,4.5,8.5,0.529,0.462,4.3,6.3,0.68,0.8,7.8,8.5,2.5,0.5,0.3,2.8,2.8,16.3,
106.0,Jared McCain,20.0,PHI,SG,23.0,8.0,25.7,5.5,11.9,0.46,2.2,5.8,0.383,3.3,6.1,0.532,0.553,2.1,2.4,0.875,0.6,1.9,2.4,2.6,0.7,0.0,1.6,1.6,15.3,
107.0,Immanuel Quickley,25.0,TOR,PG,16.0,16.0,26.9,4.9,11.7,0.422,2.2,5.9,0.372,2.8,5.8,0.473,0.516,3.2,3.5,0.911,0.4,2.3,2.6,5.6,0.5,0.1,2.0,1.6,15.3,
108.0,Ivica Zubac,27.0,LAC,C,52.0,52.0,31.9,6.8,11.0,0.611,0.0,0.0,,6.8,11.0,0.611,0.611,1.7,2.7,0.627,3.8,8.8,12.6,2.5,0.8,1.1,1.7,2.0,15.2,
109.0,Myles Turner,28.0,IND,C,46.0,46.0,30.6,5.4,11.3,0.475,2.0,5.1,0.398,3.3,6.2,0.539,0.565,2.3,3.1,0.752,1.3,5.3,6.6,1.5,0.8,1.8,1.9,2.8,15.1,
110.0,Christian Braun,23.0,DEN,SG,54.0,52.0,33.1,5.9,10.1,0.578,1.0,2.6,0.373,4.9,7.5,0.649,0.626,2.3,2.8,0.828,1.3,3.8,5.1,2.2,1.1,0.6,1.0,2.2,15.0,
111.0,Gradey Dick,21.0,TOR,SG,48.0,48.0,29.5,5.1,12.4,0.414,2.1,6.2,0.345,3.0,6.3,0.482,0.499,2.6,3.0,0.881,0.8,2.6,3.4,1.8,0.9,0.2,1.5,2.3,15.0,
112.0,Jerami Grant,30.0,POR,PF,41.0,41.0,32.4,4.7,12.2,0.383,2.3,6.1,0.371,2.4,6.1,0.396,0.476,3.0,3.6,0.856,0.6,2.7,3.3,2.2,0.8,1.0,1.3,2.3,14.7,
113.0,Josh Hart,29.0,NYK,SG,53.0,53.0,37.8,5.7,10.2,0.556,1.1,3.3,0.337,4.5,6.9,0.66,0.61,2.3,2.8,0.812,2.2,7.4,9.6,5.7,1.5,0.4,2.0,2.7,14.7,
114.0,Chet Holmgren,22.0,OKC,C,13.0,13.0,26.3,5.0,10.2,0.489,1.3,3.5,0.378,3.7,6.8,0.545,0.553,3.4,4.5,0.746,1.5,6.9,8.5,1.8,1.0,2.8,2.2,2.0,14.7,
115.0,Fred VanVleet,30.0,HOU,PG,45.0,45.0,35.5,5.0,13.0,0.387,2.7,7.8,0.344,2.4,5.3,0.45,0.489,1.9,2.3,0.824,0.7,3.2,3.9,5.8,1.6,0.4,1.6,2.4,14.6,
116.0,Deni Avdija,24.0,POR,SF,52.0,34.0,28.7,4.8,10.4,0.459,1.5,4.4,0.339,3.3,6.1,0.544,0.529,3.4,4.4,0.778,1.2,5.1,6.3,3.4,1.0,0.5,2.5,2.3,14.5,
117.0,Kelly Oubre Jr.,29.0,PHI,SF,51.0,48.0,34.7,5.6,12.0,0.465,1.2,4.0,0.288,4.4,8.0,0.554,0.513,2.2,2.9,0.755,1.6,4.8,6.5,1.8,1.5,0.5,1.3,2.9,14.5,
118.0,Naz Reid,25.0,MIN,C,55.0,8.0,26.7,5.4,11.1,0.484,2.2,5.5,0.407,3.1,5.6,0.56,0.585,1.5,1.9,0.794,1.1,4.6,5.6,2.0,0.7,0.9,1.2,2.3,14.5,
119.0,Deandre Ayton,26.0,POR,C,40.0,40.0,30.2,6.6,11.7,0.566,0.2,0.8,0.188,6.5,10.9,0.594,0.573,1.0,1.5,0.667,3.1,7.1,10.2,1.6,0.8,1.0,1.7,2.2,14.4,
120.0,Jakob Poeltl,29.0,TOR,C,45.0,44.0,30.9,6.2,10.2,0.61,0.0,0.0,0.0,6.2,10.2,0.613,0.61,1.7,2.6,0.658,3.5,6.6,10.1,2.8,1.2,1.3,1.9,3.3,14.2,
121.0,P.J. Washington,26.0,DAL,PF,43.0,42.0,32.6,5.1,11.7,0.437,1.6,4.2,0.378,3.5,7.5,0.47,0.505,2.5,3.3,0.757,1.6,6.6,8.2,2.3,1.2,1.0,1.9,2.4,14.2,
122.0,Tre Mann,23.0,CHO,PG,13.0,0.0,24.5,5.4,12.4,0.435,1.8,4.6,0.4,3.5,7.8,0.455,0.509,1.5,1.6,0.905,0.9,2.0,2.9,3.0,0.5,0.3,1.9,1.8,14.1,
123.0,Dennis Schröder,31.0,3TM,PG,50.0,41.0,29.0,4.9,11.9,0.413,2.0,5.5,0.359,3.0,6.4,0.46,0.496,2.1,2.5,0.847,0.3,2.3,2.6,5.4,1.0,0.1,2.2,2.5,13.9,
124.0,Dennis Schröder,31.0,BRK,PG,23.0,23.0,33.6,6.4,14.1,0.452,2.5,6.5,0.387,3.9,7.6,0.509,0.542,3.1,3.5,0.889,0.2,2.8,3.0,6.6,1.1,0.2,2.6,2.4,18.4,
125.0,Dennis Schröder,31.0,GSW,SG,24.0,18.0,26.2,3.9,10.5,0.375,1.5,4.8,0.322,2.4,5.7,0.419,0.448,1.2,1.6,0.744,0.4,1.9,2.3,4.4,1.0,0.1,2.0,2.8,10.6,
126.0,Dennis Schröder,31.0,DET,PG,3.0,0.0,16.3,1.7,6.3,0.263,1.0,2.7,0.375,0.7,3.7,0.182,0.342,1.3,1.3,1.0,0.0,1.3,1.3,3.7,0.3,0.0,1.0,1.0,5.7,
127.0,Dyson Daniels,21.0,ATL,SG,50.0,50.0,34.0,5.8,12.2,0.474,1.1,3.4,0.333,4.7,8.9,0.527,0.52,1.2,1.9,0.617,1.7,3.8,5.4,4.0,3.0,0.8,1.8,2.5,13.9,
128.0,Klay Thompson,34.0,DAL,SF,48.0,48.0,27.3,5.0,12.0,0.417,3.0,7.8,0.391,2.0,4.3,0.463,0.543,0.8,0.9,0.902,0.6,2.9,3.5,2.0,0.8,0.5,1.4,1.3,13.9,
129.0,Payton Pritchard,27.0,BOS,PG,54.0,0.0,27.9,4.9,10.4,0.468,3.1,7.7,0.411,1.7,2.7,0.628,0.619,0.9,1.1,0.836,1.4,2.5,3.9,3.5,0.9,0.2,1.0,1.6,13.8,
130.0,Bobby Portis,29.0,MIL,PF,46.0,7.0,25.2,5.6,12.1,0.463,1.3,3.6,0.364,4.3,8.5,0.505,0.517,1.2,1.5,0.821,1.8,6.5,8.3,2.2,0.7,0.5,1.2,1.9,13.7,
131.0,Amen Thompson,22.0,HOU,SF,52.0,25.0,31.9,5.3,9.7,0.543,0.3,1.3,0.254,4.9,8.4,0.587,0.559,2.8,4.0,0.707,2.7,5.4,8.1,3.4,1.4,1.3,2.2,2.3,13.7,
132.0,Jarrett Allen,26.0,CLE,C,54.0,54.0,28.9,5.5,7.9,0.7,0.0,0.1,0.0,5.5,7.9,0.705,0.7,2.5,3.4,0.753,2.7,7.7,10.3,2.1,0.9,1.0,1.2,1.5,13.6,
133.0,Dillon Brooks,29.0,HOU,SF,52.0,52.0,32.3,4.9,11.8,0.413,2.4,6.1,0.389,2.5,5.7,0.439,0.514,1.5,1.8,0.835,1.2,2.6,3.8,1.5,0.8,0.2,1.0,3.5,13.6,
134.0,Tobias Harris,32.0,DET,PF,53.0,53.0,31.9,5.2,11.2,0.461,1.2,3.8,0.325,3.9,7.5,0.529,0.515,1.9,2.2,0.872,0.9,5.0,5.9,2.2,0.9,0.8,1.1,1.8,13.5,
135.0,Rui Hachimura,26.0,LAL,PF,45.0,45.0,32.0,5.1,9.9,0.51,1.7,3.9,0.434,3.4,6.0,0.559,0.595,1.5,2.0,0.784,1.4,3.7,5.2,1.4,0.8,0.5,0.9,1.9,13.4,
136.0,D'Angelo Russell,28.0,2TM,PG,45.0,23.0,25.6,4.5,11.1,0.406,2.0,6.0,0.331,2.5,5.1,0.493,0.495,2.2,2.5,0.867,0.3,2.5,2.8,5.1,1.0,0.4,1.9,1.9,13.1,
137.0,D'Angelo Russell,28.0,LAL,PG,29.0,10.0,26.3,4.4,10.7,0.415,1.9,5.8,0.333,2.5,4.9,0.51,0.505,1.6,1.8,0.849,0.3,2.5,2.8,4.7,0.8,0.1,1.7,1.8,12.4,
138.0,D'Angelo Russell,28.0,BRK,PG,16.0,13.0,24.4,4.6,11.7,0.39,2.1,6.3,0.327,2.5,5.4,0.465,0.479,3.3,3.8,0.883,0.4,2.6,3.0,5.8,1.3,0.8,2.3,2.1,14.5,
139.0,Russell Westbrook,36.0,DEN,PG,48.0,27.0,27.7,4.9,10.3,0.477,1.1,3.5,0.331,3.8,6.8,0.55,0.532,2.0,3.2,0.641,1.4,3.7,5.1,6.4,1.5,0.5,3.0,2.5,13.0,
140.0,Stephon Castle,20.0,SAS,PG,51.0,29.0,25.5,4.6,11.0,0.42,1.1,3.9,0.289,3.5,7.1,0.49,0.471,2.5,3.5,0.734,0.8,2.0,2.8,3.5,0.9,0.3,1.9,1.7,12.9,
141.0,Moritz Wagner,27.0,ORL,C,30.0,1.0,18.8,4.7,8.3,0.562,0.9,2.5,0.36,3.8,5.8,0.649,0.616,2.6,3.7,0.718,1.3,3.6,4.9,1.4,0.8,0.4,1.6,1.8,12.9,
142.0,Santi Aldama,24.0,MEM,PF,46.0,11.0,24.5,5.0,10.1,0.494,1.8,4.7,0.386,3.2,5.4,0.586,0.583,1.1,1.5,0.721,1.6,5.0,6.7,2.6,0.8,0.5,1.1,1.0,12.8,
143.0,Malcolm Brogdon,32.0,WAS,PG,24.0,13.0,23.5,4.3,10.0,0.433,0.7,2.3,0.286,3.7,7.7,0.478,0.467,3.4,3.8,0.88,0.9,2.9,3.8,4.1,0.5,0.2,1.6,1.3,12.7,
144.0,Khris Middleton,33.0,MIL,SF,23.0,7.0,23.2,4.7,9.2,0.512,1.5,3.7,0.407,3.2,5.4,0.584,0.595,1.7,2.0,0.848,0.2,3.5,3.7,4.4,0.7,0.2,1.6,2.3,12.6,
145.0,Ayo Dosunmu,25.0,CHI,SG,44.0,26.0,30.5,4.9,9.8,0.495,1.4,4.1,0.335,3.5,5.7,0.612,0.566,1.4,1.8,0.792,0.6,2.8,3.4,4.6,0.9,0.4,1.5,2.3,12.5,
146.0,Bilal Coulibaly,20.0,WAS,SF,50.0,50.0,33.4,4.4,10.7,0.417,1.1,3.9,0.282,3.3,6.8,0.494,0.468,2.4,3.2,0.752,1.5,3.6,5.1,3.5,1.3,0.7,2.1,2.4,12.4,
147.0,Scoot Henderson,20.0,POR,PG,47.0,9.0,26.5,4.2,9.8,0.434,1.5,4.0,0.365,2.8,5.7,0.481,0.509,2.5,3.1,0.789,0.7,2.3,3.0,5.3,1.1,0.3,2.6,2.6,12.4,
148.0,Terry Rozier,30.0,MIA,PG,47.0,21.0,28.5,4.6,11.2,0.407,1.6,5.3,0.306,2.9,5.9,0.496,0.479,1.6,1.9,0.856,0.8,3.3,4.1,2.9,0.6,0.3,1.4,1.4,12.4,
149.0,Daniel Gafford,26.0,DAL,C,51.0,28.0,21.9,5.0,7.1,0.699,0.0,0.0,,5.0,7.1,0.699,0.699,2.4,3.4,0.699,2.7,4.1,6.9,1.4,0.4,1.9,1.2,2.7,12.3,
150.0,Josh Giddey,22.0,CHI,PG,51.0,51.0,28.7,4.6,10.2,0.446,1.3,3.9,0.345,3.2,6.4,0.508,0.511,1.7,2.2,0.754,1.6,5.5,7.1,6.4,1.1,0.6,2.7,1.7,12.2,
151.0,Aaron Gordon,29.0,DEN,PF,32.0,23.0,26.5,4.2,8.4,0.502,1.1,2.7,0.414,3.1,5.7,0.544,0.569,2.6,3.2,0.796,1.5,3.3,4.8,3.2,0.5,0.3,1.3,1.5,12.1,
152.0,Brook Lopez,36.0,MIL,C,52.0,52.0,31.8,4.6,9.6,0.475,1.8,5.0,0.368,2.7,4.6,0.592,0.571,1.2,1.4,0.822,1.2,3.6,4.7,1.7,0.7,1.9,1.0,2.2,12.1,
153.0,Onyeka Okongwu,24.0,ATL,C,48.0,14.0,25.5,4.8,8.4,0.573,0.4,1.6,0.273,4.4,6.8,0.643,0.599,2.0,2.8,0.731,2.8,5.2,8.0,2.1,0.9,0.9,1.0,2.4,12.1,
154.0,Keegan Murray,24.0,SAC,PF,52.0,52.0,35.0,4.7,10.7,0.435,1.8,5.6,0.322,2.8,5.1,0.561,0.52,0.9,1.1,0.821,2.1,5.0,7.1,1.5,0.8,0.9,0.9,2.6,12.0,
155.0,Daeqwon Plowden,26.0,ATL,SG,2.0,0.0,16.5,4.0,5.0,0.8,3.0,4.0,0.75,1.0,1.0,1.0,1.1,1.0,1.0,1.0,1.5,1.0,2.5,0.0,0.0,0.0,0.5,2.5,12.0,
156.0,Harrison Barnes,32.0,SAS,PF,52.0,52.0,28.0,4.1,8.1,0.502,1.6,3.9,0.418,2.5,4.3,0.579,0.602,2.1,2.6,0.807,1.5,2.7,4.2,1.8,0.4,0.2,0.6,1.0,11.9,
157.0,Jabari Smith Jr.,21.0,HOU,PF,33.0,33.0,30.9,4.1,9.5,0.435,1.7,4.8,0.354,2.4,4.7,0.516,0.524,2.0,2.3,0.867,1.8,4.7,6.5,1.0,0.4,1.0,0.9,2.3,11.9,
158.0,Corey Kispert,25.0,WAS,SF,49.0,0.0,26.8,4.3,9.5,0.457,2.0,5.5,0.363,2.3,4.0,0.588,0.563,1.1,1.3,0.871,0.7,2.4,3.1,1.6,0.5,0.2,1.1,1.6,11.8,
159.0,Dante Exum,29.0,DAL,PG,7.0,5.0,19.7,4.4,7.9,0.564,1.1,2.4,0.471,3.3,5.4,0.605,0.636,1.7,2.7,0.632,0.3,1.4,1.7,3.7,0.7,0.1,1.0,1.6,11.7,
160.0,Jeremy Sochan,21.0,SAS,PF,33.0,19.0,26.1,4.7,8.7,0.545,0.5,1.4,0.34,4.2,7.2,0.586,0.573,1.7,2.4,0.722,2.5,4.7,7.2,2.5,0.9,0.5,1.7,2.4,11.7,
161.0,Tari Eason,23.0,HOU,PF,36.0,4.0,24.2,4.5,9.3,0.483,1.0,2.9,0.349,3.4,6.3,0.546,0.539,1.5,2.1,0.743,2.2,4.1,6.3,1.2,1.9,0.9,0.9,2.4,11.5,
162.0,Buddy Hield,32.0,GSW,SG,55.0,22.0,23.6,4.1,10.2,0.407,2.5,7.0,0.363,1.6,3.2,0.503,0.531,0.7,0.8,0.822,0.6,2.8,3.3,1.6,0.9,0.3,1.2,1.8,11.5,
163.0,Keldon Johnson,25.0,SAS,SF,49.0,0.0,23.2,4.3,9.5,0.452,1.1,3.6,0.303,3.2,5.9,0.541,0.509,1.9,2.4,0.771,1.3,3.2,4.5,1.4,0.6,0.2,0.9,1.4,11.5,
164.0,Jaden McDaniels,24.0,MIN,PF,56.0,56.0,31.8,4.5,9.6,0.469,1.3,3.8,0.338,3.2,5.8,0.554,0.535,1.1,1.4,0.8,1.5,4.0,5.6,1.8,1.4,0.9,1.1,3.0,11.5,
165.0,Ty Jerome,27.0,CLE,SG,50.0,2.0,19.1,4.2,8.1,0.516,1.5,3.4,0.427,2.7,4.6,0.582,0.607,1.6,1.8,0.898,0.7,1.7,2.5,3.4,1.2,0.0,1.2,1.4,11.4,
166.0,Zaccharie Risacher,19.0,ATL,SF,48.0,46.0,23.8,4.3,9.9,0.433,1.3,4.1,0.317,3.0,5.8,0.516,0.499,1.5,2.2,0.712,1.2,2.1,3.3,1.2,0.8,0.5,1.1,2.0,11.4,
167.0,Alex Sarr,19.0,WAS,C,42.0,42.0,26.9,4.3,11.0,0.393,1.4,4.6,0.308,2.9,6.3,0.455,0.458,1.4,2.1,0.64,1.8,4.8,6.6,2.2,0.6,1.6,1.4,2.3,11.4,
168.0,Walker Kessler,23.0,UTA,C,42.0,42.0,30.4,4.9,6.8,0.718,0.0,0.1,0.333,4.9,6.7,0.726,0.721,1.5,2.7,0.554,4.5,7.3,11.8,1.5,0.6,2.4,1.5,2.2,11.3,
169.0,Naji Marshall,27.0,DAL,SF,43.0,14.0,24.9,4.5,8.8,0.509,0.9,2.9,0.315,3.6,5.9,0.605,0.561,1.4,1.7,0.845,1.0,2.9,3.8,2.6,1.0,0.1,1.4,1.6,11.2,
170.0,Jaylen Wells,21.0,MEM,SG,54.0,49.0,25.8,4.0,8.9,0.446,1.9,4.9,0.376,2.1,4.0,0.532,0.55,1.4,1.7,0.833,1.1,2.1,3.2,1.7,0.6,0.1,0.9,1.9,11.2,
171.0,Jonas Valančiūnas,32.0,2TM,C,54.0,12.0,19.6,4.5,8.3,0.546,0.1,0.5,0.259,4.4,7.8,0.564,0.554,1.9,2.2,0.873,2.4,5.5,7.9,2.1,0.4,0.6,1.7,2.1,11.1,
172.0,Jonas Valančiūnas,32.0,WAS,C,49.0,12.0,20.1,4.7,8.6,0.547,0.1,0.6,0.259,4.6,8.1,0.567,0.556,1.9,2.2,0.896,2.4,5.8,8.2,2.2,0.4,0.6,1.8,2.0,11.5,
173.0,Jonas Valančiūnas,32.0,SAC,C,5.0,0.0,15.4,2.6,5.0,0.52,0.0,0.0,,2.6,5.0,0.52,0.52,1.6,2.4,0.667,2.4,2.4,4.8,1.2,0.4,0.6,1.2,3.2,6.8,
174.0,Isaiah Hartenstein,26.0,OKC,C,34.0,33.0,29.0,4.8,8.5,0.566,0.0,0.4,0.0,4.8,8.1,0.592,0.566,1.5,2.3,0.646,3.2,8.7,11.9,3.9,0.8,1.1,1.9,2.9,11.1,
175.0,Tyus Jones,28.0,PHO,PG,53.0,53.0,29.6,4.1,9.1,0.454,2.1,5.1,0.407,2.1,4.0,0.514,0.567,0.8,0.9,0.872,0.6,1.9,2.5,6.0,0.9,0.1,1.4,1.0,11.1,
176.0,Guerschon Yabusele,29.0,PHI,C,51.0,27.0,26.6,4.1,7.9,0.516,1.5,3.9,0.401,2.5,4.0,0.626,0.614,1.4,1.8,0.742,1.9,3.7,5.5,2.0,0.8,0.4,1.3,2.5,11.1,
177.0,Grayson Allen,29.0,PHO,SG,43.0,3.0,25.0,3.5,7.9,0.448,2.5,5.9,0.433,1.0,2.0,0.494,0.609,1.4,1.7,0.836,0.6,2.7,3.4,2.1,1.0,0.3,1.0,1.4,11.0,
178.0,Donte DiVincenzo,28.0,MIN,SG,40.0,8.0,26.4,3.7,9.3,0.397,2.6,7.0,0.369,1.1,2.4,0.479,0.535,1.0,1.3,0.82,0.6,3.1,3.7,3.6,1.2,0.2,1.8,1.6,11.0,
179.0,Rudy Gobert,32.0,MIN,C,55.0,55.0,33.3,4.3,6.5,0.653,0.0,0.0,,4.3,6.5,0.653,0.653,2.4,3.6,0.68,3.5,6.9,10.4,1.8,0.7,1.5,1.4,2.4,11.0,
180.0,Jrue Holiday,34.0,BOS,PG,44.0,44.0,30.2,4.0,9.1,0.438,1.8,5.1,0.342,2.3,4.0,0.559,0.534,1.2,1.4,0.9,1.1,3.3,4.4,3.7,1.0,0.4,1.3,1.6,11.0,
181.0,Nikola Jović,21.0,MIA,PF,44.0,10.0,25.1,3.8,8.3,0.454,1.7,4.6,0.373,2.0,3.7,0.556,0.557,1.6,2.0,0.828,0.6,3.4,3.9,2.9,0.8,0.3,1.4,1.7,10.9,
182.0,Aaron Wiggins,26.0,OKC,SG,54.0,19.0,22.1,4.3,8.6,0.498,1.5,4.0,0.381,2.8,4.6,0.601,0.587,0.8,0.9,0.854,1.1,2.6,3.7,1.6,0.8,0.2,0.9,1.3,10.9,
183.0,Jalen Duren,21.0,DET,C,52.0,52.0,25.7,4.5,6.5,0.694,0.0,0.0,,4.5,6.5,0.694,0.694,1.8,2.6,0.686,3.6,6.6,10.2,2.5,0.7,1.2,1.9,3.2,10.8,
184.0,Quentin Grimes,24.0,2TM,SG,51.0,13.0,23.5,3.8,8.1,0.465,1.7,4.5,0.39,2.0,3.7,0.556,0.572,1.4,1.9,0.758,0.7,3.3,4.0,2.3,0.7,0.3,1.3,1.7,10.7,
185.0,Quentin Grimes,24.0,DAL,SG,47.0,12.0,22.8,3.6,7.8,0.463,1.7,4.3,0.398,1.9,3.5,0.543,0.573,1.3,1.7,0.765,0.6,3.2,3.8,2.1,0.7,0.2,1.3,1.7,10.2,
186.0,Quentin Grimes,24.0,PHI,SG,4.0,1.0,32.8,6.0,12.5,0.48,2.3,6.8,0.333,3.8,5.8,0.652,0.57,2.5,3.5,0.714,1.8,4.5,6.3,3.8,1.0,0.8,1.0,1.8,16.8,
187.0,Brandon Boston Jr.,23.0,NOP,SG,42.0,10.0,23.6,4.0,9.1,0.436,1.2,3.3,0.35,2.8,5.7,0.485,0.5,1.6,2.0,0.788,0.7,2.5,3.2,2.2,1.3,0.2,1.2,1.7,10.7,
188.0,Duncan Robinson,30.0,MIA,SF,50.0,30.0,24.1,3.8,9.0,0.42,2.5,6.5,0.378,1.3,2.5,0.528,0.557,0.7,0.8,0.895,0.3,2.0,2.3,2.7,0.5,0.1,1.1,2.0,10.7,
189.0,Caris LeVert,30.0,2TM,SG,41.0,3.0,24.1,3.7,8.0,0.46,1.6,4.0,0.405,2.1,4.0,0.515,0.561,1.6,2.3,0.705,0.7,2.5,3.1,3.6,0.8,0.5,1.3,1.4,10.6,
190.0,Caris LeVert,30.0,CLE,SF,38.0,3.0,23.8,3.6,7.8,0.453,1.6,3.9,0.405,2.0,3.9,0.5,0.554,1.5,2.2,0.699,0.6,2.2,2.8,3.7,0.9,0.5,1.3,1.3,10.2,
191.0,Caris LeVert,30.0,ATL,SG,3.0,0.0,27.7,5.3,10.0,0.533,2.0,5.0,0.4,3.3,5.0,0.667,0.633,3.0,4.0,0.75,1.7,5.3,7.0,3.0,0.0,1.0,0.7,3.7,15.7,
192.0,Jordan Hawkins,22.0,NOP,SG,37.0,5.0,23.0,3.6,9.8,0.365,1.9,5.7,0.333,1.7,4.2,0.409,0.462,1.5,1.8,0.838,0.4,2.1,2.4,1.1,0.6,0.4,0.9,0.8,10.6,
193.0,Spencer Dinwiddie,31.0,DAL,PG,54.0,19.0,25.3,3.4,8.0,0.42,1.4,4.0,0.349,2.0,4.0,0.491,0.507,2.4,2.9,0.838,0.2,2.2,2.4,3.7,0.9,0.2,1.2,1.5,10.5,
194.0,Tim Hardaway Jr.,32.0,DET,SG,51.0,51.0,28.4,3.4,8.4,0.408,2.1,5.6,0.374,1.3,2.8,0.476,0.533,1.6,1.9,0.825,0.2,2.1,2.3,1.6,0.5,0.1,0.7,1.3,10.5,
195.0,Andrew Nembhard,25.0,IND,SG,37.0,37.0,28.4,3.9,8.3,0.468,0.8,2.4,0.322,3.1,6.0,0.525,0.513,1.9,2.5,0.783,0.5,2.7,3.3,4.9,1.3,0.1,1.8,2.4,10.5,
196.0,Ochai Agbaji,24.0,TOR,SG,49.0,37.0,27.8,4.2,8.2,0.509,1.5,3.9,0.393,2.6,4.3,0.614,0.602,0.6,0.9,0.667,0.9,2.9,3.8,1.6,0.8,0.6,0.8,1.9,10.4,
197.0,Amir Coffey,27.0,LAC,SG,52.0,11.0,25.9,3.6,7.5,0.476,1.6,3.7,0.428,2.0,3.8,0.523,0.582,1.7,1.8,0.906,0.5,1.9,2.4,1.1,0.6,0.1,0.7,1.7,10.4,
198.0,Derrick Jones Jr.,27.0,LAC,SF,52.0,48.0,25.1,4.2,8.1,0.518,1.0,2.8,0.368,3.2,5.3,0.596,0.581,1.0,1.4,0.75,1.3,2.3,3.6,0.9,1.2,0.4,0.9,2.1,10.4,
199.0,Grant Williams,26.0,CHO,PF,16.0,7.0,29.9,3.4,7.7,0.439,1.7,4.6,0.365,1.7,3.1,0.551,0.549,1.9,2.3,0.838,1.1,4.0,5.1,2.3,1.1,0.8,1.8,2.9,10.4,
200.0,Herbert Jones,26.0,NOP,SF,20.0,20.0,32.4,3.8,8.6,0.436,1.1,3.6,0.306,2.7,5.0,0.53,0.5,1.7,2.0,0.825,1.1,2.8,3.9,3.3,1.9,0.5,1.8,3.3,10.3,
201.0,De'Anthony Melton,26.0,GSW,SG,6.0,2.0,20.2,3.7,9.0,0.407,2.2,5.8,0.371,1.5,3.2,0.474,0.528,0.8,1.3,0.625,1.0,2.3,3.3,2.8,1.2,0.3,1.7,3.0,10.3,
202.0,Obi Toppin,26.0,IND,PF,50.0,0.0,19.4,4.0,7.4,0.537,1.3,3.5,0.356,2.7,3.8,0.703,0.622,1.2,1.5,0.795,0.7,3.4,4.1,1.5,0.6,0.4,0.7,1.4,10.3,
203.0,Gary Trent Jr.,26.0,MIL,SG,48.0,7.0,25.1,3.6,8.3,0.438,2.3,5.4,0.429,1.3,2.8,0.456,0.579,0.8,0.9,0.837,0.2,2.1,2.4,1.1,1.0,0.1,0.6,1.9,10.3,
204.0,Chris Boucher,32.0,TOR,PF,46.0,0.0,17.3,3.7,7.5,0.491,1.4,3.9,0.365,2.2,3.5,0.632,0.587,1.4,1.7,0.788,1.3,3.1,4.4,0.6,0.5,0.5,0.6,1.4,10.2,
205.0,Toumani Camara,24.0,POR,PF,53.0,53.0,32.3,3.8,8.5,0.444,1.5,4.1,0.356,2.3,4.4,0.526,0.53,1.1,1.5,0.747,2.3,3.6,5.9,2.0,1.4,0.6,1.5,3.0,10.1,
206.0,Nic Claxton,25.0,BRK,C,47.0,39.0,26.6,4.4,8.1,0.546,0.0,0.3,0.071,4.4,7.8,0.564,0.547,1.2,2.3,0.537,2.1,5.4,7.5,2.0,0.9,1.4,1.2,2.0,10.1,
207.0,Jose Alvarado,26.0,NOP,PG,31.0,11.0,23.2,3.4,8.3,0.412,2.2,5.5,0.398,1.2,2.8,0.442,0.545,1.0,1.2,0.811,0.5,1.6,2.1,4.4,1.4,0.3,1.2,1.9,10.0,
208.0,Luguentz Dort,25.0,OKC,SF,50.0,50.0,29.0,3.5,8.2,0.431,2.3,5.6,0.41,1.2,2.6,0.477,0.571,0.7,0.8,0.825,1.4,2.8,4.2,1.6,1.1,0.6,0.7,3.1,10.0,
209.0,Jordan Goodwin,26.0,LAL,PG,3.0,0.0,21.3,4.3,7.3,0.591,1.0,2.3,0.429,3.3,5.0,0.667,0.659,0.3,0.3,1.0,2.0,3.3,5.3,1.3,1.0,0.0,0.7,2.3,10.0,
210.0,Julian Champagnie,23.0,SAS,SF,52.0,26.0,24.7,3.4,8.2,0.418,2.2,6.0,0.362,1.3,2.2,0.57,0.55,0.9,1.0,0.906,0.8,3.2,4.0,1.2,0.8,0.4,1.0,1.4,9.9,
211.0,Keon Johnson,22.0,BRK,SG,52.0,32.0,23.3,3.6,9.6,0.372,1.5,5.0,0.293,2.1,4.6,0.456,0.448,1.3,1.6,0.783,0.8,2.8,3.5,1.9,0.9,0.3,1.2,2.5,9.9,
212.0,Bogdan Bogdanović,32.0,2TM,SG,26.0,0.0,24.6,3.4,9.2,0.374,1.8,5.9,0.299,1.7,3.2,0.512,0.471,1.2,1.3,0.882,0.5,2.2,2.7,2.0,0.9,0.2,1.5,2.3,9.8,
213.0,Bogdan Bogdanović,32.0,ATL,SG,24.0,0.0,24.9,3.5,9.3,0.371,1.8,6.1,0.301,1.6,3.3,0.5,0.469,1.3,1.4,0.882,0.5,2.3,2.8,2.0,0.8,0.3,1.5,2.4,10.0,
214.0,Bogdan Bogdanović,32.0,LAC,SG,2.0,0.0,20.5,3.0,7.0,0.429,1.0,4.0,0.25,2.0,3.0,0.667,0.5,0.0,0.0,,0.5,1.0,1.5,1.5,2.0,0.0,1.0,2.0,7.0,
215.0,GG Jackson II,20.0,MEM,PF,12.0,0.0,17.8,3.5,8.3,0.42,1.3,4.2,0.32,2.2,4.2,0.52,0.5,1.5,2.2,0.692,1.2,2.5,3.7,1.0,0.5,0.2,1.4,0.9,9.8,
216.0,T.J. McConnell,32.0,IND,PG,52.0,0.0,18.6,4.4,8.6,0.519,0.2,0.6,0.25,4.3,7.9,0.54,0.528,0.8,1.1,0.732,0.5,2.0,2.5,4.6,1.2,0.3,1.5,1.0,9.8,
217.0,Svi Mykhailiuk,27.0,UTA,SF,22.0,12.0,20.0,3.5,8.6,0.402,2.1,6.1,0.343,1.4,2.5,0.545,0.524,0.8,1.0,0.783,0.5,2.0,2.5,1.7,0.7,0.3,1.6,1.3,9.8,
218.0,Brandin Podziemski,21.0,GSW,SG,42.0,11.0,25.3,3.6,8.4,0.429,1.3,4.1,0.32,2.3,4.3,0.533,0.507,1.1,1.5,0.738,1.0,3.7,4.7,3.5,1.1,0.2,1.1,1.5,9.7,
219.0,Royce O'Neale,31.0,PHO,SF,48.0,15.0,25.8,3.4,8.0,0.427,2.4,5.9,0.411,1.0,2.1,0.47,0.579,0.4,0.5,0.773,0.8,4.2,5.0,2.1,1.0,0.5,0.9,2.2,9.6,
220.0,Julian Strawther,22.0,DEN,SG,55.0,4.0,22.6,3.4,7.9,0.434,1.6,4.4,0.364,1.8,3.5,0.523,0.536,1.1,1.4,0.827,0.3,2.0,2.3,1.3,0.7,0.3,0.9,2.5,9.6,
221.0,Cam Whitmore,20.0,HOU,SF,36.0,0.0,17.5,3.6,8.7,0.414,1.3,4.1,0.313,2.3,4.6,0.503,0.487,1.1,1.5,0.727,0.7,2.5,3.2,0.9,0.7,0.3,1.0,1.1,9.6,
222.0,Max Christie,21.0,2TM,SG,52.0,27.0,26.2,3.1,6.9,0.453,1.4,3.8,0.383,1.7,3.2,0.537,0.557,1.8,2.1,0.845,0.6,2.4,3.0,1.7,0.8,0.5,1.0,1.6,9.5,
223.0,Max Christie,21.0,LAL,SG,46.0,25.0,25.1,2.8,6.3,0.444,1.3,3.5,0.368,1.5,2.7,0.544,0.549,1.6,1.9,0.851,0.5,2.1,2.7,1.4,0.8,0.5,0.8,1.6,8.5,
224.0,Max Christie,21.0,DAL,SG,6.0,2.0,34.5,5.8,12.0,0.486,2.5,5.5,0.455,3.3,6.5,0.513,0.59,3.2,3.8,0.826,0.8,4.3,5.2,3.5,1.2,0.7,2.0,1.7,17.3,
225.0,Zach Edey,22.0,MEM,C,40.0,33.0,20.6,3.9,6.7,0.582,0.4,1.0,0.35,3.6,5.7,0.623,0.608,1.3,1.9,0.684,3.2,4.4,7.6,0.9,0.7,1.2,1.4,2.6,9.5,
226.0,Tosan Evbuomwan,23.0,BRK,SF,20.0,0.0,24.3,3.5,7.8,0.442,0.8,2.6,0.294,2.7,5.3,0.514,0.49,1.8,2.5,0.735,1.2,2.9,4.1,1.7,0.8,0.4,1.6,1.9,9.5,
227.0,Isaiah Joe,25.0,OKC,SG,49.0,11.0,21.3,3.3,7.8,0.43,2.4,6.1,0.395,0.9,1.7,0.561,0.585,0.4,0.6,0.7,0.5,2.0,2.5,1.4,0.7,0.1,0.5,1.7,9.5,
228.0,Scotty Pippen Jr.,24.0,MEM,PG,54.0,16.0,20.7,3.5,7.4,0.471,1.0,2.7,0.358,2.5,4.7,0.538,0.537,1.5,2.2,0.678,0.8,2.6,3.3,4.4,1.2,0.4,1.8,2.5,9.5,
229.0,Clint Capela,30.0,ATL,C,45.0,41.0,22.4,4.2,7.3,0.573,0.0,0.0,,4.2,7.3,0.573,0.573,1.0,1.9,0.541,3.3,5.7,9.0,1.2,0.6,1.0,1.0,2.0,9.4,
230.0,Noah Clowney,20.0,BRK,PF,37.0,18.0,23.1,3.0,8.1,0.375,2.0,5.6,0.354,1.0,2.4,0.422,0.498,1.4,1.6,0.85,0.9,3.0,3.9,0.8,0.5,0.5,1.0,2.4,9.4,
231.0,Luke Kennard,28.0,MEM,SG,41.0,7.0,22.0,3.2,6.7,0.471,2.1,4.4,0.478,1.1,2.3,0.458,0.627,0.9,1.0,0.884,0.6,2.3,2.9,3.3,0.7,0.1,1.1,0.8,9.4,
232.0,Dalton Knecht,23.0,LAL,SF,49.0,12.0,20.6,3.4,7.3,0.464,1.6,4.5,0.36,1.8,2.8,0.63,0.575,1.0,1.2,0.814,0.5,2.5,3.0,0.9,0.3,0.1,0.5,1.3,9.4,
233.0,Ziaire Williams,23.0,BRK,SF,40.0,23.0,23.6,3.1,7.9,0.398,1.3,4.0,0.325,1.8,3.9,0.474,0.481,1.8,2.2,0.818,1.1,3.7,4.8,1.5,1.0,0.4,1.0,2.4,9.4,
234.0,Anthony Black,21.0,ORL,PG,52.0,9.0,24.9,3.3,7.8,0.418,0.7,2.4,0.282,2.6,5.4,0.479,0.462,2.1,2.8,0.75,0.6,2.0,2.6,3.4,1.0,0.5,1.8,2.2,9.3,
235.0,Ausar Thompson,22.0,DET,SF,33.0,22.0,20.9,3.8,7.0,0.55,0.2,1.0,0.219,3.6,6.0,0.603,0.565,1.4,2.4,0.595,1.7,3.3,5.0,2.2,1.6,0.5,1.4,2.7,9.3,
236.0,Jalen Wilson,24.0,BRK,PF,53.0,15.0,27.3,3.2,8.1,0.392,1.4,4.5,0.309,1.8,3.6,0.492,0.477,1.5,1.9,0.82,1.1,2.4,3.5,1.9,0.5,0.1,1.2,2.2,9.3,
237.0,Kevin Porter Jr.,24.0,2TM,SG,47.0,2.0,19.5,3.8,8.9,0.424,0.6,2.3,0.25,3.2,6.6,0.485,0.457,1.1,1.7,0.654,0.6,3.0,3.6,3.2,1.0,0.2,1.9,1.6,9.2,
238.0,Kevin Porter Jr.,24.0,LAC,SG,45.0,2.0,19.6,3.8,9.0,0.423,0.6,2.4,0.245,3.2,6.7,0.485,0.455,1.1,1.7,0.645,0.6,2.9,3.6,3.2,1.0,0.2,1.9,1.6,9.3,
239.0,Kevin Porter Jr.,24.0,MIL,SG,2.0,0.0,16.0,2.5,5.0,0.5,0.5,1.0,0.5,2.0,4.0,0.5,0.55,1.0,1.0,1.0,0.0,4.5,4.5,3.5,1.0,0.0,1.5,1.5,6.5,
240.0,Cole Anthony,24.0,ORL,PG,51.0,13.0,17.4,3.4,8.1,0.425,1.0,3.2,0.325,2.4,4.9,0.49,0.489,1.3,1.6,0.786,0.6,2.2,2.8,2.7,0.7,0.3,1.6,2.2,9.2,
241.0,Jaime Jaquez Jr.,23.0,MIA,SF,46.0,11.0,23.1,3.3,7.6,0.437,0.6,2.0,0.293,2.7,5.6,0.488,0.476,2.0,2.6,0.767,1.3,3.5,4.7,2.7,1.1,0.2,1.5,1.5,9.2,
242.0,Moses Moody,22.0,GSW,SG,47.0,7.0,19.4,3.2,7.3,0.433,1.7,4.4,0.375,1.5,2.9,0.522,0.547,1.2,1.6,0.724,0.6,1.7,2.3,1.1,0.6,0.4,0.7,1.5,9.2,
243.0,Chris Paul,39.0,SAS,PG,52.0,52.0,29.1,3.1,7.4,0.414,1.7,4.8,0.359,1.3,2.6,0.515,0.53,1.3,1.4,0.946,0.5,3.6,4.0,8.1,1.3,0.2,1.5,1.9,9.2,
244.0,Georges Niang,31.0,2TM,PF,54.0,2.0,21.1,3.4,7.1,0.478,1.8,4.5,0.404,1.5,2.5,0.61,0.608,0.5,0.6,0.794,0.7,3.1,3.8,1.4,0.4,0.2,0.9,2.5,9.1,
245.0,Georges Niang,31.0,CLE,PF,51.0,1.0,20.6,3.3,6.8,0.477,1.8,4.4,0.4,1.5,2.4,0.618,0.606,0.5,0.6,0.793,0.7,3.0,3.7,1.3,0.3,0.1,0.9,2.5,8.7,
246.0,Georges Niang,31.0,ATL,PF,3.0,1.0,28.0,5.3,11.0,0.485,3.0,6.7,0.45,2.3,4.3,0.538,0.621,1.3,1.7,0.8,1.0,3.7,4.7,2.3,1.3,0.7,0.7,2.7,15.0,
247.0,Carlton Carrington,19.0,WAS,PG,54.0,39.0,29.5,3.4,8.2,0.408,1.7,4.7,0.356,1.7,3.5,0.476,0.509,0.7,0.9,0.826,0.4,3.6,4.0,4.0,0.7,0.2,1.6,2.4,9.1,
248.0,Dereck Lively II,20.0,DAL,C,32.0,25.0,24.0,3.9,5.5,0.701,0.0,0.0,,3.9,5.5,0.701,0.701,1.4,2.2,0.638,3.1,4.8,7.8,2.6,0.5,1.7,1.2,2.9,9.1,
249.0,Caleb Martin,29.0,PHI,SF,31.0,24.0,30.4,3.3,7.5,0.435,1.1,2.8,0.379,2.2,4.7,0.469,0.506,1.5,2.4,0.622,1.4,3.0,4.4,2.2,1.1,0.6,1.4,2.0,9.1,
250.0,Patrick Williams,23.0,CHI,PF,45.0,35.0,26.2,3.2,8.6,0.375,1.6,4.5,0.351,1.6,4.1,0.4,0.466,1.1,1.4,0.769,0.8,3.3,4.0,2.0,0.8,0.6,1.3,1.3,9.1,
251.0,Miles McBride,24.0,NYK,PG,44.0,0.0,23.2,3.2,7.7,0.417,1.7,4.5,0.376,1.5,3.2,0.475,0.527,1.0,1.1,0.857,0.7,1.6,2.3,2.6,0.9,0.2,0.7,1.5,9.0,
252.0,Dalano Banton,25.0,POR,PG,42.0,0.0,15.9,3.1,7.6,0.409,1.2,3.4,0.362,1.9,4.3,0.447,0.489,1.4,2.0,0.698,0.3,1.6,1.9,2.2,0.7,0.5,1.3,0.9,8.9,
253.0,Nick Richards,27.0,2TM,C,35.0,22.0,22.0,3.2,5.6,0.566,0.0,0.1,0.0,3.2,5.5,0.572,0.566,2.5,3.6,0.704,2.6,5.9,8.5,1.0,0.3,1.2,1.5,2.5,8.9,
254.0,Nick Richards,27.0,CHO,C,21.0,9.0,21.0,3.0,5.4,0.561,0.0,0.0,0.0,3.0,5.4,0.566,0.561,2.8,4.1,0.678,2.4,5.1,7.5,1.3,0.3,1.2,1.6,2.3,8.9,
255.0,Nick Richards,27.0,PHO,C,14.0,13.0,23.6,3.4,5.9,0.573,0.0,0.1,0.0,3.4,5.8,0.58,0.573,2.1,2.7,0.763,2.9,7.1,10.0,0.6,0.2,1.1,1.4,2.9,8.8,
256.0,Brice Sensabaugh,21.0,UTA,SF,44.0,1.0,17.3,3.2,7.1,0.446,1.6,4.3,0.372,1.6,2.8,0.561,0.559,0.9,1.0,0.907,0.6,1.9,2.5,1.2,0.6,0.1,1.3,1.4,8.9,
257.0,Trendon Watford,24.0,BRK,PF,19.0,0.0,17.3,3.2,6.8,0.473,0.6,1.9,0.324,2.6,4.8,0.533,0.519,1.9,2.3,0.837,0.4,2.5,2.9,1.5,0.6,0.3,1.2,2.3,8.9,
258.0,Nickeil Alexander-Walker,26.0,MIN,SG,56.0,8.0,24.5,3.2,7.2,0.439,1.7,4.4,0.391,1.4,2.8,0.516,0.56,0.8,1.0,0.754,0.6,2.5,3.1,2.5,0.6,0.3,1.3,1.8,8.8,
259.0,Wendell Carter Jr.,25.0,ORL,C,43.0,26.0,25.2,3.1,6.8,0.457,0.4,2.2,0.202,2.7,4.6,0.578,0.49,2.1,2.9,0.72,1.8,5.2,7.1,2.3,0.8,0.5,1.0,2.7,8.8,
260.0,Dorian Finney-Smith,31.0,2TM,PF,37.0,25.0,27.2,3.1,6.7,0.462,1.9,4.6,0.413,1.2,2.1,0.571,0.604,0.6,0.8,0.677,1.2,2.6,3.8,1.4,0.9,0.4,0.9,2.4,8.7,
261.0,Dorian Finney-Smith,31.0,BRK,PF,20.0,20.0,29.0,3.7,8.0,0.459,2.4,5.4,0.435,1.3,2.6,0.51,0.607,0.8,1.2,0.625,1.6,3.0,4.6,1.6,0.9,0.6,0.9,2.7,10.4,
262.0,Dorian Finney-Smith,31.0,LAL,PF,17.0,5.0,25.2,2.5,5.3,0.467,1.4,3.8,0.375,1.1,1.5,0.692,0.6,0.4,0.4,0.857,0.8,2.2,3.0,1.3,0.9,0.1,0.9,2.1,6.7,
263.0,Kentavious Caldwell-Pope,31.0,ORL,SG,53.0,53.0,30.2,3.0,7.4,0.41,1.4,4.6,0.309,1.6,2.8,0.578,0.506,1.2,1.3,0.886,0.4,1.7,2.1,1.8,1.5,0.5,0.8,1.9,8.7,
264.0,Marcus Smart,30.0,MEM,PG,19.0,6.0,21.1,2.8,7.8,0.358,1.5,4.7,0.322,1.3,3.1,0.414,0.456,1.6,1.9,0.833,0.7,1.5,2.3,3.7,1.2,0.3,1.8,1.6,8.7,
265.0,Max Strus,28.0,CLE,SF,25.0,12.0,24.9,3.1,7.3,0.423,2.2,5.8,0.379,0.9,1.5,0.595,0.574,0.4,0.4,0.818,0.8,3.6,4.4,3.1,0.6,0.4,1.0,2.0,8.7,
266.0,Jusuf Nurkić,30.0,2TM,C,26.0,24.0,23.4,3.0,6.5,0.458,0.7,2.3,0.317,2.2,4.2,0.537,0.515,2.0,2.8,0.699,1.8,7.3,9.1,1.8,0.9,0.7,2.2,3.0,8.6,
267.0,Jusuf Nurkić,30.0,PHO,C,25.0,23.0,23.7,3.0,6.5,0.454,0.8,2.4,0.322,2.2,4.2,0.529,0.512,1.9,2.8,0.696,1.8,7.3,9.2,1.9,0.9,0.6,2.3,3.1,8.6,
268.0,Jusuf Nurkić,30.0,CHO,C,1.0,1.0,16.0,3.0,5.0,0.6,0.0,1.0,0.0,3.0,4.0,0.75,0.6,3.0,4.0,0.75,1.0,7.0,8.0,1.0,1.0,1.0,1.0,1.0,9.0,
269.0,Goga Bitadze,25.0,ORL,C,45.0,41.0,23.6,3.6,5.9,0.614,0.0,0.4,0.1,3.6,5.5,0.656,0.618,1.3,2.0,0.633,2.7,5.3,8.0,2.2,0.8,1.7,1.3,2.2,8.6,
270.0,Jalen Smith,24.0,CHI,C,50.0,1.0,15.3,3.0,6.4,0.476,1.3,3.6,0.354,1.8,2.8,0.631,0.575,1.2,1.5,0.836,1.4,4.1,5.5,0.9,0.2,0.7,0.6,1.5,8.6,
271.0,Kel'el Ware,20.0,MIA,C,38.0,12.0,19.1,3.6,6.7,0.535,0.7,1.8,0.357,2.9,4.8,0.603,0.585,0.8,1.1,0.732,1.4,4.4,5.8,0.8,0.6,1.0,0.8,1.3,8.6,
272.0,Draymond Green,34.0,GSW,PF,41.0,39.0,28.5,3.0,7.0,0.427,1.2,3.5,0.343,1.8,3.5,0.51,0.512,1.3,2.1,0.632,1.0,4.8,5.8,5.6,1.3,1.1,2.5,3.1,8.5,
273.0,Yves Missi,20.0,NOP,C,52.0,46.0,27.1,3.4,6.3,0.543,0.0,0.0,0.0,3.4,6.3,0.544,0.543,1.7,2.6,0.649,3.4,4.6,8.0,1.4,0.5,1.4,1.2,2.1,8.5,
274.0,Larry Nance Jr.,32.0,ATL,PF,24.0,3.0,19.3,3.3,6.5,0.516,1.4,3.2,0.447,1.9,3.3,0.582,0.626,0.4,0.5,0.692,1.0,3.3,4.3,1.6,0.8,0.5,0.7,1.5,8.5,
275.0,Jaylen Nowell,25.0,NOP,SG,8.0,0.0,21.0,3.3,9.1,0.356,1.0,3.4,0.296,2.3,5.8,0.391,0.411,0.9,1.4,0.636,0.8,1.8,2.5,2.3,0.1,0.5,1.0,1.1,8.4,
276.0,Tristan Da Silva,23.0,ORL,SF,52.0,35.0,24.9,3.1,7.3,0.425,1.2,3.7,0.332,1.9,3.6,0.519,0.508,0.9,1.0,0.865,1.2,2.6,3.8,1.7,0.5,0.3,0.9,1.4,8.3,
277.0,Mike Conley,37.0,MIN,PG,47.0,41.0,25.1,2.6,7.0,0.371,1.8,4.6,0.39,0.8,2.4,0.333,0.5,1.2,1.4,0.906,0.5,2.2,2.7,4.6,1.2,0.2,1.1,1.4,8.2,
278.0,Justin Edwards,21.0,PHI,SF,25.0,9.0,23.8,3.1,6.7,0.464,1.4,4.0,0.364,1.7,2.8,0.609,0.571,0.5,0.8,0.632,1.0,2.2,3.2,1.4,0.8,0.3,0.8,2.2,8.2,
279.0,Keon Ellis,25.0,SAC,SG,53.0,11.0,22.4,2.8,5.6,0.488,1.8,3.9,0.447,1.0,1.7,0.582,0.644,0.9,1.1,0.842,0.8,1.8,2.6,1.3,1.4,0.8,0.8,1.8,8.2,
280.0,Day'Ron Sharpe,23.0,BRK,C,32.0,0.0,17.3,3.4,6.5,0.522,0.2,0.9,0.2,3.2,5.5,0.576,0.536,1.3,1.7,0.774,3.0,3.2,6.2,1.6,0.7,0.6,1.3,2.1,8.2,
281.0,Kyshawn George,21.0,WAS,SG,48.0,18.0,26.2,2.8,7.5,0.365,1.6,5.1,0.312,1.1,2.4,0.478,0.471,1.0,1.3,0.77,0.8,3.2,4.0,2.2,0.9,0.6,1.3,3.0,8.1,
282.0,Peyton Watson,22.0,DEN,SF,48.0,12.0,24.1,2.9,6.2,0.471,0.7,2.0,0.34,2.3,4.2,0.532,0.525,1.6,2.1,0.752,0.8,2.6,3.4,1.5,0.9,1.2,0.9,1.7,8.1,
283.0,Bruce Brown,28.0,2TM,PG,20.0,0.0,19.8,3.0,7.2,0.42,0.6,2.0,0.275,2.5,5.2,0.476,0.458,1.5,1.7,0.879,0.9,2.9,3.8,1.6,0.9,0.2,1.0,1.7,8.0,
284.0,Bruce Brown,28.0,TOR,PG,18.0,0.0,19.6,3.2,7.3,0.435,0.6,2.0,0.306,2.6,5.3,0.484,0.477,1.4,1.6,0.897,0.9,2.8,3.8,1.6,0.9,0.2,1.1,1.4,8.4,
285.0,Bruce Brown,28.0,NOP,PG,2.0,0.0,21.5,1.5,6.0,0.25,0.0,2.0,0.0,1.5,4.0,0.375,0.25,1.5,2.0,0.75,0.5,3.0,3.5,1.5,0.5,0.0,0.5,3.5,4.5,
286.0,Brandon Clarke,28.0,MEM,PF,50.0,18.0,18.9,3.5,5.8,0.611,0.0,0.3,0.063,3.5,5.4,0.643,0.613,0.8,1.2,0.689,1.9,3.1,5.0,1.0,0.8,0.5,0.6,2.4,7.9,
287.0,Jaden Hardy,22.0,DAL,SG,42.0,3.0,15.3,2.9,6.9,0.42,1.2,3.3,0.372,1.7,3.6,0.464,0.509,0.9,1.3,0.696,0.2,1.4,1.6,1.4,0.5,0.1,1.4,1.5,7.9,
288.0,Al Horford,38.0,BOS,C,43.0,29.0,26.7,2.9,7.1,0.404,1.8,5.1,0.353,1.1,2.1,0.528,0.529,0.4,0.4,0.889,1.1,4.4,5.5,1.9,0.6,0.9,0.7,1.4,7.9,
289.0,Taurean Prince,30.0,MIL,SF,53.0,46.0,26.1,2.8,6.2,0.46,1.8,4.0,0.462,1.0,2.2,0.456,0.61,0.4,0.5,0.821,0.5,3.2,3.7,2.0,0.8,0.1,1.0,2.1,7.9,
290.0,Nick Smith Jr.,20.0,CHO,SG,33.0,14.0,18.7,3.0,7.5,0.403,1.4,4.1,0.341,1.6,3.4,0.478,0.496,0.4,0.5,0.875,0.2,1.8,1.9,1.8,0.4,0.2,1.1,1.0,7.9,
291.0,Justin Champagnie,23.0,WAS,SF,35.0,14.0,18.5,3.0,5.9,0.515,1.1,2.7,0.385,2.0,3.1,0.627,0.604,0.7,1.0,0.686,1.5,3.0,4.5,0.9,0.9,0.6,0.8,1.9,7.8,
292.0,Cody Martin,29.0,CHO,SF,39.0,8.0,24.8,3.0,6.9,0.433,1.0,3.2,0.323,1.9,3.7,0.528,0.507,0.9,1.3,0.694,1.0,3.5,4.5,2.3,1.1,0.7,1.1,1.8,7.8,
293.0,Tyrese Martin,25.0,BRK,SG,36.0,6.0,21.0,2.8,7.2,0.391,1.5,4.4,0.338,1.3,2.7,0.48,0.496,0.6,0.9,0.719,1.0,2.9,3.9,1.8,0.5,0.1,1.3,1.2,7.8,
294.0,A.J. Green,25.0,MIL,SG,46.0,5.0,21.9,2.6,6.0,0.431,2.2,5.0,0.427,0.4,1.0,0.455,0.611,0.3,0.4,0.889,0.2,2.0,2.3,1.2,0.5,0.1,0.5,2.1,7.7,
295.0,Sam Hauser,27.0,BOS,PF,46.0,9.0,20.1,2.7,6.2,0.445,2.1,5.3,0.402,0.6,0.8,0.718,0.618,0.1,0.1,1.0,0.6,2.4,3.0,1.0,0.7,0.2,0.3,1.2,7.7,
296.0,Ja'Kobe Walter,20.0,TOR,SG,36.0,9.0,19.6,2.8,7.0,0.406,1.0,3.3,0.311,1.8,3.7,0.492,0.48,1.0,1.4,0.7,0.8,1.8,2.5,1.4,0.7,0.2,0.8,1.8,7.7,
297.0,Kevin Huerter,26.0,2TM,SG,46.0,15.0,20.8,2.9,7.2,0.398,1.4,4.7,0.29,1.5,2.5,0.6,0.492,0.5,0.7,0.688,0.5,2.4,2.9,1.8,0.8,0.3,0.9,1.7,7.6,
298.0,Kevin Huerter,26.0,SAC,SG,43.0,15.0,20.9,3.0,7.2,0.413,1.4,4.8,0.302,1.5,2.4,0.629,0.513,0.5,0.7,0.714,0.4,2.3,2.8,1.7,0.8,0.4,0.9,1.6,7.9,
299.0,Kevin Huerter,26.0,CHI,SG,3.0,0.0,19.3,1.3,7.3,0.182,0.3,4.0,0.083,1.0,3.3,0.3,0.205,0.7,1.3,0.5,1.3,3.0,4.3,2.3,1.0,0.0,1.7,2.3,3.7,
300.0,Josh Green,24.0,CHO,SG,47.0,46.0,28.6,2.7,6.1,0.443,1.4,3.5,0.406,1.3,2.6,0.492,0.559,0.7,1.1,0.7,0.9,1.8,2.8,1.4,1.1,0.2,0.9,2.6,7.6,
301.0,Trayce Jackson-Davis,24.0,GSW,C,49.0,37.0,18.5,3.2,5.7,0.57,0.0,0.0,0.0,3.2,5.7,0.572,0.57,1.1,1.8,0.605,2.2,3.7,5.9,2.0,0.4,0.7,0.8,1.4,7.6,
302.0,Johnny Juzang,23.0,UTA,SG,38.0,5.0,17.6,2.6,6.1,0.422,1.7,4.4,0.398,0.8,1.7,0.485,0.565,0.7,0.8,0.839,0.6,2.0,2.6,1.0,0.4,0.1,0.5,2.0,7.6,
303.0,Aaron Nesmith,25.0,IND,SF,18.0,10.0,20.6,2.6,5.6,0.465,0.9,2.6,0.362,1.7,3.0,0.556,0.55,1.4,1.6,0.897,0.4,2.7,3.1,1.4,0.7,0.3,0.7,2.7,7.6,
304.0,Garrison Mathews,28.0,ATL,SG,43.0,2.0,17.7,2.1,5.5,0.39,1.8,4.7,0.385,0.3,0.8,0.417,0.553,1.5,1.8,0.829,0.3,1.5,1.8,1.3,0.6,0.3,0.7,1.7,7.5,
305.0,Vasilije Micić,31.0,CHO,PG,36.0,16.0,21.2,2.6,7.6,0.348,1.3,3.5,0.36,1.4,4.1,0.338,0.43,0.9,1.1,0.829,0.6,1.9,2.4,3.5,0.4,0.0,2.1,1.2,7.5,
306.0,Quinten Post,24.0,GSW,PF,17.0,7.0,14.0,2.8,5.8,0.48,1.5,3.7,0.397,1.3,2.1,0.629,0.607,0.5,0.5,1.0,0.9,2.4,3.3,1.6,0.1,0.2,0.5,1.6,7.5,
307.0,Jay Huff,26.0,MEM,C,46.0,1.0,12.5,2.6,5.0,0.522,1.4,3.3,0.418,1.2,1.7,0.727,0.661,0.8,1.0,0.771,0.5,1.6,2.1,0.7,0.2,0.9,0.6,1.3,7.4,
308.0,Sam Merrill,28.0,CLE,SG,45.0,2.0,19.3,2.4,6.2,0.396,1.9,5.4,0.361,0.5,0.8,0.622,0.552,0.6,0.6,0.962,0.5,1.5,2.0,1.5,0.6,0.2,0.5,1.8,7.4,
309.0,Cameron Payne,30.0,NYK,PG,48.0,1.0,14.6,2.6,6.1,0.428,1.4,3.7,0.375,1.2,2.4,0.509,0.541,0.8,0.9,0.886,0.2,1.2,1.4,2.6,0.6,0.3,0.7,1.6,7.4,
310.0,Cason Wallace,21.0,OKC,SG,46.0,32.0,27.4,3.0,6.8,0.442,1.0,2.9,0.333,2.0,3.8,0.525,0.514,0.3,0.4,0.778,1.1,2.4,3.5,2.4,1.8,0.6,0.7,2.2,7.3,
311.0,Lonzo Ball,27.0,CHI,PG,30.0,9.0,21.6,2.4,6.5,0.362,1.8,5.4,0.34,0.5,1.1,0.471,0.503,0.6,0.7,0.857,0.7,2.8,3.4,3.5,1.5,0.5,1.2,1.7,7.2,
312.0,Bones Hyland,24.0,LAC,PG,20.0,0.0,11.1,2.3,5.8,0.391,1.6,4.0,0.388,0.7,1.8,0.4,0.526,1.2,1.3,0.885,0.3,1.0,1.2,1.4,0.9,0.2,1.2,1.3,7.2,
313.0,Jared Butler,24.0,2TM,SG,35.0,1.0,11.8,2.7,5.8,0.475,0.5,1.4,0.34,2.3,4.3,0.52,0.517,1.2,1.5,0.788,0.5,0.9,1.4,2.7,0.4,0.2,1.0,1.3,7.1,
314.0,Jared Butler,24.0,WAS,PG,32.0,0.0,11.3,2.7,5.5,0.483,0.5,1.3,0.366,2.2,4.2,0.519,0.526,1.1,1.4,0.778,0.4,0.8,1.3,2.6,0.4,0.2,0.9,1.3,6.9,
315.0,Jared Butler,24.0,PHI,SG,3.0,1.0,17.0,3.7,8.7,0.423,0.7,3.0,0.222,3.0,5.7,0.529,0.462,2.0,2.3,0.857,0.7,2.0,2.7,4.7,0.3,0.7,1.7,1.3,10.0,
316.0,Precious Achiuwa,25.0,NYK,C,33.0,6.0,21.9,3.0,5.5,0.55,0.2,0.7,0.333,2.8,4.7,0.583,0.572,0.8,1.4,0.622,2.2,3.8,6.0,1.1,1.0,0.8,0.8,1.6,7.1,
317.0,Kelly Olynyk,33.0,TOR,C,24.0,2.0,16.0,2.5,4.9,0.5,0.8,1.8,0.442,1.7,3.1,0.533,0.581,1.4,1.8,0.791,1.0,2.7,3.7,2.3,0.7,0.3,1.5,2.5,7.1,
318.0,Jake LaRavia,23.0,2TM,PF,51.0,0.0,20.2,2.4,4.9,0.488,0.8,1.9,0.433,1.6,3.0,0.523,0.571,1.3,2.0,0.67,1.4,2.8,4.2,2.7,0.9,0.4,1.4,1.9,7.0,
319.0,Jake LaRavia,23.0,MEM,PF,47.0,0.0,20.9,2.5,5.1,0.49,0.9,1.9,0.444,1.7,3.2,0.517,0.573,1.4,2.0,0.698,1.4,2.9,4.4,2.8,0.9,0.4,1.5,2.0,7.3,
320.0,Jake LaRavia,23.0,SAC,PF,4.0,0.0,11.5,1.3,2.8,0.455,0.5,1.8,0.286,0.8,1.0,0.75,0.545,0.0,1.0,0.0,1.3,0.8,2.0,0.8,0.5,0.5,1.0,1.0,3.0,
321.0,Isaiah Jackson,23.0,IND,C,5.0,1.0,16.8,2.8,4.6,0.609,0.0,0.0,,2.8,4.6,0.609,0.609,1.4,2.8,0.5,2.2,3.4,5.6,1.0,0.6,1.6,1.0,2.8,7.0,
322.0,Josh Okogie,26.0,2TM,SG,32.0,2.0,15.6,2.5,5.2,0.473,0.8,2.0,0.385,1.7,3.2,0.529,0.548,1.2,1.6,0.725,1.3,1.7,3.0,0.8,1.3,0.5,0.8,1.2,6.9,
323.0,Josh Okogie,26.0,PHO,SG,25.0,1.0,14.0,2.2,4.6,0.491,0.6,1.7,0.381,1.6,2.9,0.556,0.561,0.9,1.3,0.688,1.3,1.6,2.9,0.6,0.8,0.4,0.6,1.1,6.0,
324.0,Josh Okogie,26.0,CHO,SG,7.0,1.0,21.3,3.3,7.6,0.434,1.3,3.3,0.391,2.0,4.3,0.467,0.519,2.1,2.7,0.789,1.3,2.1,3.4,1.4,2.7,0.7,1.3,1.6,10.0,
325.0,Thomas Bryant,27.0,2TM,C,37.0,5.0,15.2,2.6,5.0,0.53,0.8,2.1,0.367,1.9,2.9,0.651,0.608,0.8,0.9,0.879,1.5,2.7,4.2,1.2,0.4,0.6,0.4,1.0,6.9,
326.0,Thomas Bryant,27.0,MIA,C,10.0,0.0,11.5,1.2,2.8,0.429,0.6,1.7,0.353,0.6,1.1,0.545,0.536,1.1,1.1,1.0,0.6,2.6,3.2,0.4,0.1,0.9,0.2,0.9,4.1,
327.0,Thomas Bryant,27.0,IND,C,27.0,5.0,16.6,3.2,5.8,0.548,0.9,2.3,0.371,2.3,3.5,0.663,0.621,0.7,0.8,0.818,1.8,2.8,4.6,1.4,0.6,0.5,0.4,1.0,7.9,
328.0,Vit Krejci,24.0,ATL,PG,39.0,15.0,20.8,2.5,5.5,0.447,1.4,3.7,0.384,1.0,1.8,0.58,0.577,0.5,0.8,0.667,0.4,2.4,2.7,2.7,0.7,0.5,0.9,1.9,6.9,
329.0,Torrey Craig,34.0,2TM,SF,10.0,1.0,12.2,2.4,4.7,0.511,1.7,3.7,0.459,0.7,1.0,0.7,0.691,0.3,0.4,0.75,0.8,1.7,2.5,0.6,0.2,0.2,0.0,1.5,6.8,
330.0,Torrey Craig,34.0,CHI,SF,9.0,1.0,12.6,2.4,5.0,0.489,1.7,3.9,0.429,0.8,1.1,0.7,0.656,0.3,0.4,0.75,0.9,1.9,2.8,0.6,0.2,0.1,0.0,1.7,6.9,
331.0,Torrey Craig,34.0,BOS,SF,1.0,0.0,9.0,2.0,2.0,1.0,2.0,2.0,1.0,0.0,0.0,,1.5,0.0,0.0,,0.0,0.0,0.0,1.0,0.0,1.0,0.0,0.0,6.0,
332.0,Isaiah Collier,20.0,UTA,PG,46.0,21.0,23.7,2.8,6.7,0.413,0.5,2.3,0.231,2.3,4.5,0.505,0.452,0.8,1.2,0.648,0.4,2.7,3.1,5.8,0.8,0.2,2.8,2.2,6.8,
333.0,Andre Drummond,31.0,PHI,C,30.0,16.0,18.7,2.8,5.5,0.506,0.0,0.4,0.083,2.8,5.1,0.539,0.509,1.2,2.0,0.574,2.5,5.1,7.5,0.6,1.1,0.4,1.6,2.4,6.8,
334.0,Eric Gordon,36.0,PHI,SG,39.0,13.0,19.7,2.2,5.2,0.426,1.4,3.5,0.409,0.8,1.7,0.463,0.564,0.9,1.2,0.75,0.2,1.0,1.2,1.7,0.7,0.3,0.7,0.8,6.8,
335.0,Kyle Filipowski,21.0,UTA,C,44.0,10.0,18.3,2.5,4.9,0.505,0.7,2.0,0.333,1.8,2.9,0.62,0.572,1.0,1.5,0.627,1.2,3.6,4.9,1.8,0.5,0.1,1.0,2.0,6.6,
336.0,Ryan Dunn,22.0,PHO,SF,49.0,28.0,18.6,2.7,6.0,0.442,1.0,3.2,0.31,1.7,2.8,0.59,0.524,0.2,0.5,0.478,1.0,2.4,3.3,0.9,0.4,0.6,0.4,2.3,6.5,
337.0,KJ Simpson,22.0,CHO,PG,21.0,2.0,19.2,2.2,7.0,0.318,0.7,3.0,0.219,1.6,4.0,0.393,0.365,1.4,1.7,0.806,1.1,1.6,2.7,2.5,0.7,0.2,1.3,1.6,6.5,
338.0,Ben Simmons,28.0,2TM,PG,34.0,24.0,25.1,2.9,5.1,0.554,0.0,0.0,,2.9,5.1,0.554,0.554,0.6,0.9,0.733,0.9,4.4,5.3,6.9,0.9,0.5,2.6,2.4,6.4,
339.0,Ben Simmons,28.0,BRK,PG,33.0,24.0,25.0,2.8,5.2,0.547,0.0,0.0,,2.8,5.2,0.547,0.547,0.5,0.8,0.692,0.9,4.3,5.2,6.9,0.8,0.5,2.7,2.5,6.2,
340.0,Ben Simmons,28.0,LAC,PG,1.0,0.0,27.0,4.0,5.0,0.8,0.0,0.0,,4.0,5.0,0.8,0.8,4.0,4.0,1.0,0.0,7.0,7.0,6.0,3.0,1.0,0.0,1.0,12.0,
341.0,Davion Mitchell,26.0,2TM,PG,47.0,25.0,25.0,2.4,5.7,0.432,1.0,2.7,0.354,1.5,3.0,0.504,0.517,0.6,0.8,0.692,0.4,1.5,1.9,4.6,0.7,0.2,1.7,2.6,6.4,
342.0,Davion Mitchell,26.0,TOR,PG,44.0,22.0,24.5,2.4,5.5,0.434,1.0,2.7,0.359,1.5,2.9,0.504,0.52,0.6,0.8,0.676,0.4,1.6,1.9,4.6,0.7,0.2,1.8,2.6,6.3,
343.0,Davion Mitchell,26.0,MIA,PG,3.0,3.0,31.7,3.0,7.3,0.409,1.0,3.3,0.3,2.0,4.0,0.5,0.477,0.7,0.7,1.0,0.3,1.0,1.3,3.7,1.0,0.3,1.0,1.7,7.7,
344.0,Alec Burks,33.0,MIA,SG,29.0,1.0,17.3,2.0,4.6,0.425,1.4,3.3,0.433,0.5,1.3,0.405,0.582,1.0,1.3,0.763,0.4,2.2,2.7,1.1,0.6,0.2,0.4,0.7,6.4,
345.0,Matas Buzelis,20.0,CHI,SF,53.0,4.0,14.8,2.3,5.3,0.441,0.9,2.5,0.361,1.4,2.8,0.514,0.527,0.8,1.0,0.796,0.6,2.2,2.8,0.5,0.3,0.8,0.6,1.5,6.4,
346.0,Mouhamed Gueye,22.0,ATL,PF,8.0,4.0,15.1,2.5,6.8,0.37,0.5,3.4,0.148,2.0,3.4,0.593,0.407,0.9,1.1,0.778,0.9,3.0,3.9,0.6,1.3,1.0,0.3,0.9,6.4,
347.0,KJ Martin,24.0,PHI,PF,24.0,7.0,20.0,2.5,4.1,0.616,0.3,0.9,0.381,2.2,3.3,0.679,0.657,1.0,1.2,0.828,0.9,2.1,3.0,0.8,0.5,0.7,0.5,2.6,6.4,
348.0,Ajay Mitchell,22.0,OKC,SG,34.0,1.0,16.5,2.5,4.9,0.506,0.6,1.5,0.431,1.8,3.4,0.539,0.572,0.8,1.0,0.848,0.5,1.5,2.0,1.7,0.7,0.1,0.8,1.7,6.4,
349.0,Simone Fontecchio,29.0,DET,SF,50.0,0.0,17.7,2.0,5.3,0.383,1.1,3.2,0.327,1.0,2.1,0.471,0.483,1.1,1.4,0.838,0.7,2.4,3.1,0.9,0.4,0.2,0.8,1.3,6.3,
350.0,Haywood Highsmith,28.0,MIA,SF,49.0,39.0,23.7,2.4,5.1,0.466,1.2,3.0,0.388,1.2,2.1,0.578,0.58,0.4,0.6,0.679,0.8,2.3,3.1,1.2,0.9,0.6,0.7,2.0,6.3,
351.0,Trey Lyles,29.0,SAC,PF,45.0,2.0,18.7,2.1,5.4,0.393,1.2,3.7,0.333,0.9,1.8,0.519,0.506,0.8,1.0,0.745,1.0,3.4,4.4,1.0,0.6,0.4,0.5,1.2,6.3,
352.0,Ricky Council IV,23.0,PHI,SF,46.0,4.0,14.1,2.1,5.0,0.414,0.7,2.2,0.304,1.4,2.8,0.5,0.481,1.4,1.7,0.808,0.6,1.6,2.2,1.1,0.4,0.2,0.5,0.9,6.2,
353.0,Ron Holland,19.0,DET,SF,55.0,1.0,15.5,2.3,5.3,0.442,0.5,2.1,0.25,1.8,3.2,0.568,0.491,1.0,1.2,0.803,0.5,2.2,2.7,0.9,0.6,0.1,0.9,1.8,6.2,
354.0,Dru Smith,27.0,MIA,SG,14.0,1.0,19.1,2.2,4.4,0.508,1.1,2.1,0.533,1.1,2.2,0.484,0.639,0.6,0.9,0.75,0.9,1.7,2.6,1.6,1.5,0.4,1.2,2.1,6.2,
355.0,Jonathan Isaac,27.0,ORL,PF,49.0,0.0,16.6,2.2,5.2,0.418,0.7,2.5,0.266,1.5,2.7,0.561,0.482,1.0,1.5,0.667,1.8,3.0,4.9,0.5,0.8,1.2,0.4,1.4,6.1,
356.0,Jarace Walker,21.0,IND,PF,50.0,1.0,16.6,2.2,4.8,0.458,0.9,2.4,0.369,1.3,2.4,0.551,0.552,0.8,1.2,0.644,0.4,2.9,3.2,1.4,0.9,0.4,1.1,1.7,6.1,
357.0,Shake Milton,28.0,2TM,SG,42.0,1.0,16.0,2.2,4.7,0.457,0.8,2.1,0.356,1.4,2.6,0.541,0.538,1.0,1.2,0.8,0.5,1.4,1.9,2.1,0.4,0.1,0.7,1.3,6.0,
358.0,Shake Milton,28.0,BRK,SG,27.0,1.0,18.2,2.7,5.8,0.465,1.0,2.7,0.389,1.7,3.1,0.529,0.554,0.9,1.2,0.758,0.6,1.3,1.9,2.4,0.6,0.0,0.7,1.6,7.4,
359.0,Shake Milton,28.0,LAL,SG,15.0,0.0,11.9,1.2,2.8,0.429,0.3,1.2,0.222,0.9,1.6,0.583,0.476,1.0,1.1,0.882,0.5,1.5,1.9,1.6,0.2,0.1,0.7,0.9,3.7,
360.0,Bol Bol,25.0,PHO,PF,18.0,2.0,11.4,2.4,5.1,0.473,0.7,2.6,0.277,1.7,2.4,0.682,0.544,0.5,0.8,0.643,0.7,2.1,2.7,0.4,0.3,0.8,0.6,0.4,6.0,
361.0,Alex Caruso,30.0,OKC,SG,33.0,1.0,19.0,2.3,5.6,0.405,1.1,3.3,0.321,1.2,2.3,0.526,0.5,0.4,0.5,0.813,0.7,2.0,2.7,2.5,1.7,0.5,0.6,2.0,6.0,
362.0,Seth Curry,34.0,CHO,SG,44.0,9.0,14.3,2.2,4.6,0.48,1.2,2.5,0.472,1.1,2.2,0.49,0.605,0.4,0.5,0.857,0.4,1.1,1.5,0.7,0.4,0.1,0.4,0.9,6.0,
363.0,Terance Mann,28.0,2TM,SG,40.0,12.0,19.7,2.3,5.2,0.447,0.7,2.0,0.372,1.6,3.3,0.492,0.517,0.6,0.9,0.676,0.9,2.0,2.9,1.6,0.8,0.3,0.7,1.9,6.0,
364.0,Terance Mann,28.0,LAC,SG,37.0,12.0,19.8,2.4,5.3,0.446,0.7,2.0,0.347,1.6,3.2,0.508,0.513,0.6,0.9,0.719,0.9,2.0,2.9,1.6,0.8,0.3,0.7,1.8,6.0,
365.0,Terance Mann,28.0,ATL,SG,3.0,0.0,18.7,2.0,4.3,0.462,1.0,1.0,1.0,1.0,3.3,0.3,0.577,0.7,1.7,0.4,1.3,1.7,3.0,2.0,1.0,0.0,0.3,2.3,5.7,
366.0,Marcus Sasser,24.0,DET,PG,42.0,0.0,14.2,2.3,4.9,0.466,0.9,2.5,0.364,1.4,2.4,0.576,0.561,0.5,0.6,0.885,0.3,0.9,1.2,2.3,0.7,0.1,1.0,1.4,6.0,
367.0,Jamal Shead,22.0,TOR,PG,49.0,1.0,17.2,2.3,5.4,0.427,0.8,2.3,0.354,1.5,3.1,0.481,0.502,0.5,0.7,0.727,0.2,0.9,1.2,3.6,0.6,0.1,1.5,1.8,6.0,
368.0,Ben Sheppard,23.0,IND,SG,39.0,8.0,20.5,2.2,5.0,0.429,1.3,3.4,0.373,0.9,1.6,0.548,0.556,0.4,0.5,0.889,0.7,1.8,2.5,1.2,0.7,0.3,0.3,2.1,6.0,
369.0,Dean Wade,28.0,CLE,PF,35.0,26.0,22.8,2.1,5.1,0.408,1.5,4.3,0.349,0.6,0.9,0.7,0.553,0.4,0.7,0.52,1.0,4.1,5.1,1.6,0.9,0.5,0.3,1.9,6.0,
370.0,Kenrich Williams,30.0,OKC,PF,43.0,1.0,14.8,2.3,4.7,0.495,0.9,2.4,0.388,1.4,2.3,0.604,0.593,0.4,0.4,0.889,0.9,2.4,3.3,1.2,0.7,0.1,0.5,1.5,6.0,
371.0,James Wiseman,23.0,IND,C,1.0,0.0,5.0,2.0,4.0,0.5,0.0,1.0,0.0,2.0,3.0,0.667,0.5,2.0,2.0,1.0,0.0,1.0,1.0,0.0,0.0,0.0,0.0,0.0,6.0,
372.0,Isaiah Wong,24.0,CHO,SG,20.0,0.0,13.3,2.1,5.3,0.39,0.7,1.7,0.394,1.4,3.6,0.389,0.452,1.3,1.7,0.735,0.7,0.9,1.6,1.4,0.6,0.0,0.9,1.1,6.0,
373.0,Rob Dillingham,20.0,MIN,PG,31.0,1.0,12.7,2.5,5.5,0.456,0.7,2.0,0.377,1.7,3.5,0.5,0.524,0.2,0.3,0.5,0.3,0.9,1.2,2.5,0.4,0.0,1.3,1.0,5.9,
374.0,Kris Dunn,30.0,LAC,PG,47.0,31.0,22.8,2.4,5.7,0.42,0.9,3.0,0.317,1.5,2.8,0.531,0.502,0.1,0.3,0.5,0.8,2.6,3.4,2.9,1.6,0.3,1.1,2.5,5.9,
375.0,Richaun Holmes,31.0,WAS,PF,17.0,4.0,15.9,2.4,3.7,0.651,0.0,0.2,0.0,2.4,3.5,0.683,0.651,1.1,1.4,0.783,1.7,3.2,4.9,1.0,0.1,0.7,0.5,1.4,5.9,
376.0,Isaiah Stewart,23.0,DET,C,50.0,3.0,20.0,2.4,4.5,0.538,0.2,0.8,0.289,2.2,3.7,0.589,0.563,0.9,1.0,0.827,2.0,3.7,5.7,1.7,0.4,1.2,0.9,2.5,5.9,
377.0,Javonte Green,31.0,NOP,SG,50.0,18.0,21.8,2.0,4.5,0.446,0.8,2.2,0.352,1.2,2.3,0.534,0.531,1.0,1.3,0.758,1.0,2.6,3.6,0.9,1.1,0.6,0.6,1.5,5.8,
378.0,Jaxson Hayes,24.0,LAL,C,31.0,10.0,17.6,2.4,3.4,0.702,0.0,0.1,0.0,2.4,3.3,0.716,0.702,1.1,1.5,0.739,1.3,2.8,4.2,1.0,0.6,1.0,0.6,2.1,5.8,
379.0,Talen Horton-Tucker,24.0,CHI,SG,41.0,0.0,11.4,2.1,4.6,0.45,0.8,2.0,0.373,1.3,2.6,0.509,0.532,0.9,1.2,0.725,0.3,1.4,1.7,1.3,0.4,0.2,0.6,1.0,5.8,
380.0,Isaac Okoro,24.0,CLE,SG,28.0,16.0,19.7,2.0,4.7,0.427,1.1,2.8,0.397,0.9,1.9,0.472,0.546,0.6,0.9,0.72,0.8,1.3,2.1,1.6,0.7,0.4,0.4,2.0,5.8,
381.0,Jeremiah Robinson-Earl,24.0,NOP,PF,44.0,6.0,17.8,2.2,4.8,0.446,0.8,2.3,0.33,1.4,2.6,0.549,0.523,0.7,0.8,0.865,1.7,2.9,4.6,1.2,0.7,0.1,0.7,1.3,5.8,
382.0,Keaton Wallace,25.0,ATL,PG,24.0,3.0,17.3,2.2,5.1,0.423,1.0,2.7,0.354,1.2,2.4,0.5,0.516,0.5,0.5,1.0,0.2,1.3,1.5,2.3,0.9,0.3,1.2,1.3,5.8,
383.0,Elfrid Payton,30.0,2TM,PG,9.0,4.0,22.1,2.8,6.2,0.446,0.0,0.1,0.0,2.8,6.1,0.455,0.446,0.1,0.2,0.5,0.7,2.6,3.2,6.6,1.3,0.4,2.4,1.6,5.7,
384.0,Elfrid Payton,30.0,NOP,PG,7.0,3.0,20.6,3.3,6.6,0.5,0.0,0.1,0.0,3.3,6.4,0.511,0.5,0.1,0.3,0.5,0.7,2.7,3.4,6.9,1.4,0.4,2.9,1.4,6.7,
385.0,Elfrid Payton,30.0,CHO,PG,2.0,1.0,27.5,1.0,5.0,0.2,0.0,0.0,,1.0,5.0,0.2,0.2,0.0,0.0,,0.5,2.0,2.5,5.5,1.0,0.5,1.0,2.0,2.0,
386.0,Quenton Jackson,26.0,IND,PG,18.0,7.0,14.1,2.2,4.2,0.513,0.5,1.3,0.375,1.7,2.9,0.577,0.572,0.8,1.2,0.714,0.6,0.9,1.5,1.7,0.5,0.3,0.6,1.8,5.7,
387.0,Gabe Vincent,28.0,LAL,PG,44.0,6.0,20.4,2.1,5.2,0.409,1.3,3.6,0.35,0.9,1.6,0.543,0.53,0.1,0.2,0.5,0.3,1.0,1.2,1.5,0.7,0.2,0.6,2.1,5.7,
388.0,Robert Williams,27.0,POR,C,19.0,3.0,17.2,2.4,3.8,0.63,0.1,0.2,0.333,2.4,3.7,0.643,0.637,0.8,0.9,0.882,1.8,4.1,5.9,1.1,0.6,1.6,0.9,1.5,5.7,
389.0,Vince Williams Jr.,24.0,MEM,SG,6.0,0.0,14.8,2.2,6.0,0.361,0.5,2.7,0.188,1.7,3.3,0.5,0.403,0.8,1.7,0.5,1.5,2.5,4.0,2.2,0.3,0.3,1.3,2.5,5.7,
390.0,Drew Eubanks,27.0,2TM,C,40.0,4.0,14.9,2.3,3.8,0.616,0.1,0.1,0.6,2.3,3.7,0.616,0.626,0.9,1.4,0.632,1.1,3.3,4.4,1.1,0.3,0.8,0.8,1.2,5.6,
391.0,Drew Eubanks,27.0,UTA,C,37.0,4.0,15.4,2.4,3.9,0.607,0.1,0.1,0.6,2.3,3.8,0.607,0.617,1.0,1.5,0.632,1.1,3.5,4.5,1.2,0.3,0.9,0.8,1.2,5.8,
392.0,Drew Eubanks,27.0,LAC,C,3.0,0.0,8.7,1.7,2.0,0.833,0.0,0.0,,1.7,2.0,0.833,0.833,0.0,0.0,,1.3,1.7,3.0,0.0,0.0,0.3,0.0,0.3,3.3,
393.0,Donovan Clingan,20.0,POR,C,41.0,11.0,16.3,2.3,4.2,0.546,0.2,0.6,0.304,2.1,3.7,0.583,0.566,0.8,1.1,0.681,2.8,4.0,6.8,0.7,0.4,1.6,1.1,2.6,5.6,
394.0,Jamison Battle,23.0,TOR,SF,39.0,0.0,12.6,1.9,4.2,0.46,1.3,3.2,0.423,0.6,1.0,0.575,0.62,0.3,0.4,0.857,0.5,1.3,1.8,0.8,0.1,0.1,0.3,1.1,5.5,
395.0,Kevin Love,36.0,MIA,PF,19.0,6.0,10.9,1.8,5.2,0.354,1.1,3.1,0.362,0.7,2.2,0.341,0.46,0.7,1.0,0.684,0.9,3.2,4.1,1.0,0.7,0.1,0.7,0.9,5.5,
396.0,Jonathan Mogbo,23.0,TOR,PF,42.0,10.0,17.6,2.1,4.5,0.458,0.3,0.9,0.342,1.8,3.6,0.487,0.492,1.0,1.4,0.724,1.7,2.6,4.2,1.8,0.7,0.5,0.9,2.1,5.5,
397.0,Kyle Anderson,31.0,2TM,PF,38.0,4.0,15.2,2.2,4.8,0.446,0.5,1.4,0.358,1.7,3.4,0.481,0.497,0.6,0.9,0.636,0.9,2.3,3.2,2.2,0.7,0.6,0.5,1.1,5.4,
398.0,Kyle Anderson,31.0,GSW,PF,36.0,3.0,15.0,2.1,4.7,0.45,0.5,1.4,0.365,1.6,3.3,0.487,0.506,0.5,0.8,0.667,0.8,2.3,3.1,2.3,0.7,0.6,0.6,1.1,5.3,
399.0,Kyle Anderson,31.0,MIA,SF,2.0,1.0,18.5,3.0,7.5,0.4,0.0,0.5,0.0,3.0,7.0,0.429,0.4,1.5,3.0,0.5,3.5,3.0,6.5,1.5,0.0,1.0,0.0,1.5,7.5,
400.0,Lindy Waters III,27.0,2TM,SG,39.0,9.0,17.0,1.9,5.3,0.365,1.3,3.9,0.325,0.7,1.5,0.474,0.483,0.2,0.3,0.727,0.4,2.1,2.5,1.1,0.6,0.3,0.4,1.4,5.4,
401.0,Lindy Waters III,27.0,GSW,SG,38.0,9.0,17.2,2.0,5.4,0.371,1.3,3.9,0.331,0.7,1.5,0.474,0.49,0.2,0.3,0.727,0.4,2.1,2.6,1.1,0.6,0.3,0.4,1.4,5.5,
402.0,Lindy Waters III,27.0,DET,SG,1.0,0.0,9.0,0.0,3.0,0.0,0.0,3.0,0.0,0.0,0.0,,0.0,0.0,0.0,,0.0,0.0,0.0,1.0,0.0,0.0,0.0,1.0,0.0,
403.0,Kobe Bufkin,21.0,ATL,SG,10.0,0.0,12.4,1.8,4.7,0.383,0.4,1.9,0.211,1.4,2.8,0.5,0.426,1.3,1.8,0.722,0.5,1.6,2.1,1.7,0.3,0.2,0.8,0.9,5.3,
404.0,Gary Payton II,32.0,GSW,SG,43.0,10.0,13.4,2.3,4.1,0.548,0.3,1.3,0.236,2.0,2.8,0.689,0.585,0.5,0.7,0.724,0.8,2.0,2.9,1.3,0.6,0.3,0.7,1.7,5.3,
405.0,Jaylin Williams,22.0,OKC,PF,27.0,5.0,16.8,1.9,5.0,0.382,1.1,3.5,0.309,0.9,1.6,0.548,0.489,0.4,0.4,1.0,1.3,4.4,5.7,2.4,0.4,0.7,0.8,1.9,5.3,
406.0,Tidjane Salaün,19.0,CHO,PF,39.0,8.0,19.1,1.7,5.4,0.316,0.9,3.2,0.286,0.8,2.1,0.361,0.402,0.9,1.3,0.72,1.1,3.1,4.2,1.1,0.6,0.2,0.8,1.3,5.2,
407.0,Moussa Diabaté,23.0,CHO,C,44.0,7.0,18.9,2.1,3.4,0.616,0.0,0.0,0.0,2.1,3.4,0.624,0.616,0.8,1.5,0.552,3.0,4.0,7.0,0.8,0.7,0.7,0.9,1.6,5.1,
408.0,Jeff Green,38.0,HOU,PF,16.0,2.0,11.6,1.8,3.5,0.5,0.6,2.2,0.286,1.1,1.3,0.857,0.589,0.9,1.1,0.833,0.3,1.3,1.6,0.3,0.2,0.1,0.3,1.1,5.1,
409.0,Luke Kornet,29.0,BOS,C,49.0,7.0,17.2,2.1,3.2,0.656,0.0,0.0,0.0,2.1,3.2,0.66,0.656,0.9,1.2,0.754,2.3,2.7,5.0,1.6,0.5,0.9,0.4,1.5,5.1,
410.0,Neemias Queta,25.0,BOS,C,43.0,5.0,14.3,2.2,3.3,0.66,0.0,0.0,0.0,2.2,3.2,0.669,0.66,0.8,1.1,0.729,1.4,2.3,3.7,0.6,0.3,0.7,0.6,1.8,5.1,
411.0,Tristan Vukcevic,21.0,WAS,C,14.0,0.0,8.1,1.9,3.9,0.5,0.6,1.9,0.346,1.3,2.0,0.643,0.583,0.6,0.9,0.692,0.6,1.8,2.4,0.9,0.2,0.2,0.5,0.9,5.1,
412.0,DaQuan Jeffries,27.0,CHO,SG,21.0,2.0,19.4,1.9,4.6,0.402,0.8,2.7,0.304,1.0,2.0,0.537,0.49,0.4,0.5,0.818,0.9,2.0,2.8,1.1,0.7,0.4,0.6,2.0,5.0,
413.0,Kevon Looney,28.0,GSW,C,49.0,6.0,16.1,2.1,4.2,0.51,0.0,0.0,0.0,2.1,4.2,0.515,0.51,0.8,1.4,0.544,2.9,4.0,6.9,1.9,0.7,0.4,0.6,2.2,5.0,
414.0,Alondes Williams,25.0,DET,SG,1.0,0.0,4.0,2.0,2.0,1.0,1.0,1.0,1.0,1.0,1.0,1.0,1.25,0.0,0.0,,0.0,0.0,0.0,1.0,0.0,0.0,0.0,0.0,5.0,
415.0,Marvin Bagley III,25.0,WAS,C,19.0,1.0,8.7,2.0,3.7,0.535,0.1,0.5,0.2,1.9,3.2,0.59,0.549,0.8,1.2,0.652,1.4,1.5,2.9,0.4,0.4,0.3,0.6,0.6,4.9,
416.0,Monte Morris,29.0,PHO,PG,40.0,0.0,13.1,1.7,4.3,0.404,0.6,1.8,0.301,1.2,2.5,0.48,0.468,0.9,1.0,0.85,0.3,1.2,1.4,1.7,0.4,0.1,0.4,0.5,4.9,
417.0,Jaylen Clark,23.0,MIN,SG,14.0,1.0,14.3,1.6,4.0,0.411,0.6,1.7,0.375,1.0,2.3,0.438,0.491,0.9,1.1,0.75,0.9,0.7,1.6,0.4,0.6,0.1,0.1,1.6,4.8,
418.0,Ryan Rollins,22.0,MIL,PG,37.0,7.0,12.3,1.8,4.2,0.442,0.6,1.7,0.344,1.2,2.4,0.511,0.513,0.5,0.6,0.826,0.4,1.2,1.6,1.3,0.7,0.3,0.8,1.3,4.8,
419.0,Tre Jones,25.0,2TM,PG,31.0,0.0,16.2,1.7,3.5,0.486,0.3,0.9,0.286,1.5,2.6,0.556,0.523,1.0,1.3,0.8,0.5,1.5,2.1,3.5,0.7,0.2,0.7,1.2,4.7,
420.0,Tre Jones,25.0,SAS,PG,28.0,0.0,16.1,1.6,3.3,0.484,0.3,0.9,0.308,1.3,2.4,0.552,0.527,0.9,1.2,0.758,0.5,1.5,2.1,3.7,0.6,0.2,0.8,1.2,4.4,
421.0,Tre Jones,25.0,CHI,PG,3.0,0.0,17.7,2.7,5.3,0.5,0.0,0.7,0.0,2.7,4.7,0.571,0.5,2.3,2.3,1.0,0.7,1.3,2.0,2.0,1.7,0.0,0.3,1.3,7.7,
422.0,Taylor Hendricks,21.0,UTA,PF,3.0,3.0,25.0,1.3,6.0,0.222,1.0,4.0,0.25,0.3,2.0,0.167,0.306,1.0,1.3,0.75,1.7,3.3,5.0,0.7,1.7,1.3,0.7,2.7,4.7,
423.0,Aaron Holiday,28.0,HOU,PG,39.0,3.0,12.2,1.7,4.0,0.419,0.9,2.5,0.343,0.8,1.4,0.554,0.529,0.5,0.6,0.913,0.2,1.0,1.2,1.3,0.4,0.1,0.5,1.2,4.7,
424.0,Jordan Miller,25.0,LAC,SF,30.0,0.0,12.4,1.8,4.2,0.429,0.3,1.2,0.222,1.5,3.0,0.511,0.46,0.9,1.1,0.788,0.7,1.0,1.7,1.1,0.5,0.2,0.7,0.7,4.7,
425.0,Zach Collins,27.0,2TM,PF,37.0,4.0,11.8,1.7,3.6,0.463,0.4,1.3,0.313,1.3,2.3,0.547,0.519,0.9,1.0,0.892,1.1,1.8,2.9,1.4,0.4,0.4,0.6,1.9,4.6,
426.0,Zach Collins,27.0,SAS,C,36.0,4.0,11.8,1.7,3.7,0.462,0.4,1.3,0.304,1.3,2.4,0.547,0.515,0.9,1.0,0.886,1.1,1.8,2.8,1.4,0.4,0.4,0.6,1.9,4.6,
427.0,Zach Collins,27.0,CHI,PF,1.0,0.0,12.0,1.0,2.0,0.5,1.0,2.0,0.5,0.0,0.0,,0.75,2.0,2.0,1.0,1.0,4.0,5.0,0.0,0.0,0.0,0.0,1.0,5.0,
428.0,Mo Bamba,26.0,LAC,C,28.0,2.0,12.6,1.7,3.7,0.466,0.5,1.8,0.3,1.2,1.9,0.623,0.539,0.6,0.9,0.68,0.9,3.4,4.3,0.6,0.3,1.0,0.7,1.8,4.6,
429.0,Charles Bassey,24.0,SAS,C,32.0,1.0,10.8,2.0,3.4,0.573,0.0,0.0,,2.0,3.4,0.573,0.573,0.7,1.0,0.636,1.7,2.8,4.6,0.4,0.4,0.9,0.7,1.4,4.6,
430.0,Trevelin Queen,27.0,ORL,SG,24.0,2.0,15.0,1.7,4.8,0.353,0.7,2.6,0.258,1.0,2.3,0.463,0.422,0.5,0.6,0.867,0.8,0.9,1.8,1.4,1.0,0.3,0.8,1.5,4.6,
431.0,Trentyn Flowers,19.0,LAC,SF,2.0,0.0,8.0,2.0,4.5,0.444,0.0,1.0,0.0,2.0,3.5,0.571,0.444,0.5,0.5,1.0,0.5,1.5,2.0,0.0,0.0,0.0,0.5,1.5,4.5,
432.0,Jett Howard,21.0,ORL,SF,45.0,0.0,11.2,1.6,4.3,0.37,1.0,3.1,0.319,0.6,1.2,0.5,0.484,0.3,0.4,0.833,0.4,0.8,1.2,0.7,0.2,0.2,0.5,1.0,4.5,
433.0,Sandro Mamukelashvili,25.0,SAS,PF,33.0,0.0,8.0,1.6,2.8,0.564,0.7,1.7,0.436,0.9,1.2,0.744,0.691,0.6,0.8,0.704,0.6,1.7,2.3,0.5,0.2,0.2,0.4,0.6,4.5,
434.0,David Roddy,23.0,ATL,PF,27.0,3.0,12.8,1.6,3.4,0.473,0.6,1.6,0.372,1.0,1.9,0.56,0.559,0.7,0.8,0.818,0.4,2.2,2.6,1.1,0.4,0.3,0.7,0.7,4.5,
435.0,Malaki Branham,21.0,SAS,SG,31.0,0.0,9.3,1.6,3.6,0.434,0.7,1.7,0.396,0.9,1.9,0.467,0.527,0.5,0.6,0.85,0.1,1.0,1.1,0.8,0.2,0.1,0.9,0.5,4.4,
436.0,Reggie Jackson,34.0,PHI,PG,31.0,1.0,12.4,1.7,4.3,0.391,0.8,2.4,0.338,0.9,1.9,0.458,0.485,0.2,0.3,0.778,0.3,1.1,1.4,1.5,0.5,0.1,0.5,1.1,4.4,
437.0,Pat Connaughton,32.0,MIL,SG,30.0,0.0,15.0,1.6,3.8,0.425,0.7,2.1,0.323,0.9,1.7,0.549,0.513,0.4,0.6,0.765,0.6,2.2,2.7,1.7,0.2,0.3,0.6,1.1,4.3,
438.0,Paul Reed,25.0,DET,C,30.0,0.0,9.9,1.7,3.2,0.531,0.2,0.7,0.3,1.5,2.5,0.592,0.563,0.7,0.9,0.815,0.9,1.7,2.6,1.0,1.0,0.6,0.5,1.7,4.3,
439.0,Daniel Theis,32.0,NOP,C,38.0,9.0,16.3,1.6,3.4,0.473,0.2,1.0,0.243,1.4,2.4,0.565,0.508,0.8,1.0,0.838,1.2,3.2,4.3,1.6,0.5,0.5,0.7,1.8,4.3,
440.0,Julian Phillips,21.0,CHI,SF,53.0,3.0,12.8,1.5,3.3,0.446,0.6,1.8,0.326,0.9,1.5,0.585,0.534,0.6,0.9,0.723,0.8,1.1,1.9,0.4,0.4,0.2,0.4,1.3,4.2,
441.0,Antonio Reeves,24.0,NOP,SG,24.0,0.0,10.6,1.6,4.0,0.402,0.7,2.1,0.314,1.0,1.9,0.5,0.485,0.3,0.3,0.875,0.4,0.8,1.2,0.8,0.4,0.0,0.3,0.5,4.2,
442.0,Jock Landale,29.0,HOU,C,27.0,0.0,10.7,1.6,3.3,0.483,0.2,0.4,0.5,1.4,2.9,0.481,0.517,0.7,1.1,0.667,1.4,1.9,3.3,0.9,0.2,0.3,0.5,1.0,4.1,
443.0,Kris Murray,24.0,POR,SF,45.0,1.0,13.6,1.7,3.7,0.455,0.4,1.5,0.279,1.2,2.2,0.577,0.512,0.4,0.8,0.421,1.0,1.2,2.2,0.9,0.4,0.2,0.5,0.9,4.1,
444.0,Kyle Lowry,38.0,PHI,PG,33.0,12.0,18.9,1.2,3.4,0.351,0.8,2.5,0.337,0.3,0.8,0.393,0.477,0.8,1.0,0.818,0.3,1.6,2.0,2.8,0.9,0.3,0.6,1.8,4.0,
445.0,Dariq Whitehead,20.0,BRK,SF,9.0,0.0,6.3,1.3,2.8,0.48,1.2,2.3,0.524,0.1,0.4,0.25,0.7,0.1,0.3,0.333,0.1,0.6,0.7,0.1,0.3,0.1,0.7,0.2,4.0,
446.0,Josh Richardson,31.0,MIA,SG,8.0,0.0,18.8,1.4,4.8,0.289,0.8,2.8,0.273,0.6,2.0,0.313,0.368,0.5,0.5,1.0,0.8,0.8,1.5,1.5,1.0,0.1,1.0,2.1,4.0,
447.0,Cam Spencer,24.0,MEM,SG,10.0,0.0,12.1,1.3,3.0,0.433,0.5,1.6,0.313,0.8,1.4,0.571,0.517,0.9,0.9,1.0,0.5,1.2,1.7,1.6,0.3,0.1,0.5,1.1,4.0,
448.0,Oscar Tshiebwe,25.0,UTA,C,4.0,0.0,13.5,1.0,1.5,0.667,0.0,0.0,,1.0,1.5,0.667,0.667,2.0,2.5,0.8,1.8,4.0,5.8,0.3,1.3,0.0,0.3,3.0,4.0,
449.0,TyTy Washington Jr.,23.0,PHO,PG,7.0,0.0,12.4,1.6,4.6,0.344,0.4,2.1,0.2,1.1,2.4,0.471,0.391,0.4,0.6,0.75,0.6,1.1,1.7,1.7,0.4,0.0,0.3,0.1,4.0,
450.0,Ousmane Dieng,21.0,OKC,C,29.0,0.0,11.4,1.4,3.6,0.404,0.6,2.0,0.288,0.9,1.6,0.556,0.486,0.4,0.6,0.688,0.5,1.8,2.3,0.9,0.5,0.2,0.5,0.9,3.9,
451.0,Andre Jackson Jr.,23.0,MIL,SG,51.0,43.0,17.3,1.6,3.4,0.471,0.5,1.4,0.386,1.1,2.0,0.529,0.549,0.2,0.4,0.556,1.1,2.1,3.2,1.5,0.6,0.3,1.0,2.1,3.9,
452.0,Mason Plumlee,34.0,PHO,C,53.0,18.0,17.5,1.5,2.6,0.571,0.0,0.0,0.0,1.5,2.6,0.58,0.571,0.9,1.4,0.627,1.7,4.6,6.3,1.9,0.5,0.7,0.9,2.2,3.9,
453.0,Olivier-Maxence Prosper,22.0,DAL,PF,45.0,4.0,10.8,1.4,3.4,0.414,0.2,1.0,0.205,1.2,2.4,0.5,0.444,0.9,1.3,0.65,0.9,1.5,2.4,0.8,0.5,0.1,0.3,0.5,3.9,
454.0,Gui Santos,22.0,GSW,PF,30.0,1.0,12.5,1.3,2.8,0.47,0.7,1.8,0.407,0.6,1.0,0.586,0.602,0.5,0.8,0.696,1.1,1.7,2.8,1.1,0.4,0.1,0.7,1.5,3.9,
455.0,Dalen Terry,22.0,CHI,SG,49.0,1.0,12.6,1.4,3.1,0.454,0.4,1.2,0.351,1.0,1.9,0.516,0.52,0.7,1.0,0.673,0.6,0.9,1.5,1.2,0.5,0.2,0.7,1.5,3.9,
456.0,Cody Williams,20.0,UTA,SG,29.0,12.0,20.4,1.3,4.3,0.302,0.6,2.3,0.239,0.8,2.0,0.373,0.365,0.7,1.0,0.714,0.5,1.5,2.0,1.3,0.6,0.3,0.9,1.9,3.9,
457.0,Jeenathan Williams,25.0,HOU,SG,7.0,0.0,5.6,1.7,2.6,0.667,0.4,1.0,0.429,1.3,1.6,0.818,0.75,0.0,0.0,,0.1,0.6,0.7,0.6,0.4,0.4,0.6,0.4,3.9,
458.0,Pelle Larsson,23.0,MIA,SG,36.0,1.0,12.6,1.3,2.9,0.453,0.5,1.5,0.34,0.8,1.5,0.566,0.538,0.6,0.9,0.667,0.4,1.1,1.5,0.9,0.4,0.1,0.4,1.7,3.8,
459.0,Micah Potter,26.0,UTA,C,25.0,9.0,16.9,1.3,3.0,0.427,0.9,2.4,0.373,0.4,0.6,0.625,0.573,0.4,0.4,0.9,1.0,2.9,3.9,0.7,0.2,0.4,0.7,1.3,3.8,
460.0,Jae'Sean Tate,29.0,HOU,SF,36.0,2.0,11.9,1.4,3.1,0.464,0.3,0.8,0.3,1.2,2.2,0.525,0.505,0.8,1.1,0.659,0.9,1.3,2.2,0.9,0.6,0.1,0.4,1.8,3.8,
461.0,Patty Mills,36.0,2TM,PG,20.0,0.0,13.6,1.3,4.0,0.329,0.9,3.0,0.283,0.5,1.0,0.474,0.437,0.3,0.3,1.0,0.2,0.9,1.1,1.2,0.7,0.2,0.8,0.7,3.7,
462.0,Patty Mills,36.0,UTA,PG,17.0,0.0,15.3,1.5,4.5,0.342,1.0,3.4,0.298,0.5,1.1,0.474,0.454,0.3,0.3,1.0,0.2,1.1,1.2,1.2,0.7,0.2,0.9,0.7,4.4,
463.0,Patty Mills,36.0,LAC,PG,3.0,0.0,4.0,0.0,1.0,0.0,0.0,1.0,0.0,0.0,0.0,,0.0,0.0,0.0,,0.0,0.0,0.0,1.0,0.3,0.0,0.0,0.3,0.0,
464.0,Steven Adams,31.0,HOU,C,38.0,2.0,12.6,1.4,2.7,0.529,0.0,0.0,,1.4,2.7,0.529,0.529,0.8,1.7,0.446,2.8,2.6,5.3,1.1,0.3,0.4,0.9,1.0,3.7,
465.0,Devin Carter,22.0,SAC,PG,16.0,0.0,9.9,1.2,3.8,0.311,0.5,1.9,0.258,0.7,1.9,0.367,0.377,0.8,1.1,0.722,0.4,2.1,2.5,1.3,0.3,0.2,0.5,0.9,3.7,
466.0,Damion Lee,32.0,PHO,SG,15.0,0.0,6.7,1.1,3.4,0.333,0.3,1.7,0.2,0.8,1.7,0.462,0.382,1.1,1.1,0.941,0.1,0.7,0.9,0.5,0.3,0.0,0.4,0.3,3.7,
467.0,Brandon Williams,25.0,DAL,PG,19.0,0.0,8.4,1.3,2.8,0.453,0.5,1.2,0.409,0.8,1.6,0.484,0.538,0.7,0.9,0.765,0.1,0.7,0.8,1.2,0.3,0.1,0.7,0.6,3.7,
468.0,Jevon Carter,29.0,CHI,PG,26.0,0.0,7.2,1.3,3.2,0.402,0.8,2.2,0.362,0.5,0.9,0.5,0.53,0.2,0.3,0.75,0.1,0.9,1.0,1.0,0.3,0.0,0.3,0.3,3.6,
469.0,Isaac Jones,24.0,SAC,PF,25.0,0.0,8.7,1.5,2.3,0.655,0.0,0.2,0.25,1.5,2.2,0.685,0.664,0.6,1.0,0.538,0.6,1.0,1.5,0.3,0.1,0.3,0.5,1.0,3.6,
470.0,Jabari Walker,22.0,POR,SF,39.0,1.0,10.5,1.4,3.0,0.47,0.3,1.0,0.282,1.1,2.0,0.564,0.517,0.5,0.8,0.667,0.8,2.2,3.0,0.5,0.5,0.1,0.5,1.3,3.6,
471.0,Jamal Cain,25.0,NOP,SF,21.0,0.0,12.3,1.2,3.0,0.406,0.5,1.7,0.278,0.8,1.3,0.571,0.484,0.6,0.9,0.667,0.8,1.5,2.3,0.5,0.4,0.3,0.5,1.1,3.5,
472.0,Jeff Dowtin,27.0,PHI,PG,24.0,0.0,11.2,1.4,3.5,0.388,0.3,1.0,0.24,1.1,2.5,0.45,0.424,0.5,0.7,0.706,0.1,1.0,1.2,1.5,0.3,0.2,0.2,0.6,3.5,
473.0,Oso Ighodaro,22.0,PHO,PF,41.0,2.0,14.8,1.5,2.6,0.574,0.0,0.0,0.0,1.5,2.6,0.585,0.574,0.5,0.9,0.528,0.8,2.4,3.2,1.0,0.4,0.4,0.6,1.5,3.5,
474.0,DeAndre Jordan,36.0,DEN,C,40.0,2.0,11.9,1.6,2.5,0.653,0.0,0.0,,1.6,2.5,0.653,0.653,0.3,0.8,0.419,1.4,3.3,4.7,0.9,0.3,0.5,0.7,1.3,3.5,
475.0,Karlo Matković,23.0,NOP,PF,17.0,2.0,14.0,1.4,2.8,0.489,0.3,0.8,0.357,1.1,1.9,0.545,0.543,0.5,0.5,1.0,1.3,2.3,3.6,0.8,0.6,1.2,0.9,2.0,3.5,
476.0,Dario Šarić,30.0,DEN,C,14.0,4.0,14.2,1.3,3.9,0.333,0.4,1.7,0.25,0.9,2.1,0.4,0.389,0.5,0.7,0.7,1.0,2.5,3.5,1.6,0.5,0.1,1.0,1.3,3.5,
477.0,Reed Sheppard,20.0,HOU,PG,40.0,0.0,11.6,1.3,4.1,0.311,0.7,2.5,0.273,0.6,1.6,0.369,0.393,0.2,0.3,0.9,0.4,1.0,1.4,1.1,0.6,0.4,0.6,0.9,3.5,
478.0,Bruno Fernando,26.0,TOR,C,17.0,2.0,8.6,1.5,2.9,0.531,0.0,0.0,,1.5,2.9,0.531,0.531,0.4,0.5,0.75,1.2,1.8,3.0,1.1,0.2,0.5,0.8,1.6,3.4,
479.0,Collin Gillespie,25.0,PHO,PG,8.0,0.0,5.5,1.3,2.3,0.556,0.4,0.8,0.5,0.9,1.5,0.583,0.639,0.5,0.6,0.8,0.4,0.5,0.9,0.9,0.3,0.3,0.3,0.5,3.4,
480.0,Doug McDermott,33.0,SAC,SF,31.0,3.0,8.4,1.2,2.7,0.424,1.0,2.3,0.431,0.2,0.4,0.385,0.606,0.1,0.2,0.6,0.1,0.5,0.5,0.1,0.1,0.0,0.2,0.9,3.4,
481.0,Nicolas Batum,36.0,LAC,PF,52.0,1.0,17.4,1.1,2.9,0.384,0.9,2.4,0.376,0.2,0.5,0.423,0.54,0.2,0.3,0.786,0.7,2.2,2.9,1.3,0.6,0.4,0.4,1.5,3.3,
482.0,Luka Garza,26.0,MIN,C,23.0,0.0,5.6,1.3,2.9,0.463,0.2,1.0,0.227,1.1,2.0,0.578,0.5,0.4,0.6,0.643,0.9,0.7,1.7,0.2,0.1,0.0,0.3,0.8,3.3,
483.0,Gary Harris,30.0,ORL,SG,27.0,2.0,15.9,1.2,3.1,0.386,0.8,2.4,0.338,0.4,0.7,0.556,0.518,0.1,0.3,0.5,0.5,0.7,1.2,0.6,0.6,0.3,0.4,0.9,3.3,
484.0,Jalen Pickett,25.0,DEN,SG,25.0,0.0,11.3,1.3,3.0,0.434,0.6,1.6,0.385,0.7,1.5,0.486,0.533,0.1,0.1,1.0,0.2,1.0,1.2,1.9,0.3,0.1,0.4,0.5,3.3,
485.0,Cam Reddish,25.0,LAL,SF,31.0,8.0,18.1,1.2,2.8,0.43,0.4,1.5,0.289,0.8,1.3,0.585,0.506,0.5,0.8,0.615,0.5,1.5,2.0,0.7,1.0,0.3,0.4,1.4,3.3,
486.0,Landry Shamet,27.0,NYK,SG,22.0,0.0,11.0,1.4,3.0,0.455,0.5,1.6,0.306,0.9,1.4,0.633,0.538,0.1,0.2,0.4,0.2,0.5,0.8,0.6,0.4,0.1,0.4,0.8,3.3,
487.0,Orlando Robinson,24.0,2TM,C,20.0,0.0,10.1,1.2,3.0,0.383,0.1,0.6,0.167,1.1,2.4,0.438,0.4,0.8,1.1,0.727,0.9,1.9,2.8,1.0,0.4,0.2,0.6,1.5,3.2,
488.0,Orlando Robinson,24.0,SAC,C,9.0,0.0,6.3,0.8,1.9,0.412,0.1,0.6,0.2,0.7,1.3,0.5,0.441,0.4,0.8,0.571,0.3,1.2,1.6,1.0,0.3,0.1,0.4,0.7,2.1,
489.0,Orlando Robinson,24.0,TOR,C,11.0,0.0,13.2,1.5,3.9,0.372,0.1,0.6,0.143,1.4,3.3,0.417,0.384,1.1,1.4,0.8,1.3,2.5,3.7,1.0,0.4,0.3,0.7,2.1,4.1,
490.0,Moses Brown,25.0,IND,C,9.0,0.0,5.1,1.4,2.2,0.65,0.0,0.0,,1.4,2.2,0.65,0.65,0.3,0.6,0.6,0.4,1.0,1.4,0.0,0.2,0.1,0.7,0.7,3.2,
491.0,Elijah Harkless,24.0,UTA,SG,10.0,0.0,13.8,1.1,3.5,0.314,0.7,2.5,0.28,0.4,1.0,0.4,0.414,0.3,0.6,0.5,0.9,1.2,2.1,0.8,1.0,0.1,0.3,1.8,3.2,
492.0,Wendell Moore Jr.,23.0,DET,SG,20.0,1.0,11.0,1.2,2.5,0.46,0.2,0.7,0.286,1.0,1.8,0.528,0.5,0.7,0.7,0.929,0.6,1.7,2.2,1.2,0.5,0.2,0.5,0.8,3.2,
493.0,Jaylon Tyson,22.0,CLE,SG,35.0,2.0,9.8,1.2,2.6,0.457,0.4,1.1,0.378,0.8,1.6,0.509,0.533,0.4,0.5,0.778,0.8,1.4,2.2,0.9,0.2,0.1,0.5,1.2,3.2,
494.0,Kylor Kelley,27.0,DAL,C,7.0,1.0,8.6,1.3,1.6,0.818,0.0,0.0,,1.3,1.6,0.818,0.818,0.6,0.9,0.667,1.1,1.7,2.9,0.1,0.0,0.3,0.1,1.1,3.1,
495.0,Craig Porter Jr.,24.0,CLE,PG,33.0,0.0,9.4,1.2,2.2,0.556,0.3,0.8,0.44,0.9,1.4,0.617,0.632,0.3,0.4,0.769,0.2,0.8,1.1,1.3,0.4,0.3,0.6,0.5,3.1,
496.0,Terrence Shannon Jr.,24.0,MIN,SG,16.0,0.0,8.0,1.3,2.7,0.465,0.3,0.9,0.267,1.0,1.8,0.571,0.512,0.4,0.5,0.75,0.3,0.7,0.9,0.9,0.3,0.1,0.4,0.4,3.1,
497.0,JT Thor,22.0,CLE,PF,9.0,0.0,4.7,1.0,1.7,0.6,0.3,0.7,0.5,0.7,1.0,0.667,0.7,0.8,0.9,0.875,0.3,0.3,0.7,0.1,0.2,0.3,0.7,0.7,3.1,
498.0,Jarred Vanderbilt,25.0,LAL,PF,9.0,0.0,16.6,1.3,3.1,0.429,0.2,0.9,0.25,1.1,2.2,0.5,0.464,0.2,0.7,0.333,2.1,4.0,6.1,1.2,1.2,0.1,0.9,1.7,3.1,
499.0,Dominick Barlow,21.0,ATL,SF,16.0,2.0,8.2,1.3,2.8,0.455,0.3,0.8,0.333,1.0,2.0,0.5,0.5,0.3,0.5,0.5,0.4,1.3,1.6,0.3,0.2,0.4,0.1,0.8,3.0,
500.0,Adem Bona,21.0,PHI,C,37.0,1.0,11.1,1.1,1.6,0.695,0.0,0.0,,1.1,1.6,0.695,0.695,0.8,1.2,0.636,1.0,1.8,2.8,0.3,0.2,0.8,0.7,1.9,3.0,
501.0,Maxi Kleber,33.0,DAL,PF,34.0,4.0,18.7,1.1,2.8,0.385,0.4,1.4,0.265,0.7,1.4,0.511,0.453,0.5,0.6,0.762,0.7,2.1,2.8,1.3,0.3,0.5,0.7,1.9,3.0,
502.0,Taze Moore,26.0,POR,SG,2.0,0.0,10.0,1.0,5.0,0.2,0.5,2.0,0.25,0.5,3.0,0.167,0.25,0.5,1.0,0.5,2.0,2.0,4.0,0.5,1.0,0.0,1.0,0.0,3.0,
503.0,Pat Spencer,28.0,GSW,PG,23.0,0.0,7.5,1.2,3.0,0.412,0.1,0.5,0.167,1.1,2.4,0.464,0.426,0.5,0.7,0.733,0.4,1.0,1.4,1.5,0.4,0.1,0.6,0.7,3.0,
504.0,Blake Wesley,21.0,SAS,SG,32.0,0.0,9.0,1.2,2.6,0.458,0.1,0.7,0.182,1.1,1.9,0.557,0.482,0.5,0.7,0.739,0.2,0.5,0.7,1.9,0.4,0.1,0.9,0.5,3.0,
505.0,Jae Crowder,34.0,SAC,PF,7.0,2.0,13.1,0.9,2.4,0.353,0.4,1.7,0.25,0.4,0.7,0.6,0.441,0.7,0.9,0.833,0.9,1.6,2.4,0.6,0.4,0.0,0.6,1.4,2.9,
506.0,Taj Gibson,39.0,CHO,C,24.0,11.0,11.9,1.2,2.6,0.46,0.0,0.1,0.5,1.2,2.5,0.459,0.468,0.5,0.7,0.688,1.6,2.3,3.9,0.6,0.3,0.5,0.8,1.6,2.9,
507.0,Caleb Houstan,22.0,ORL,SF,37.0,5.0,11.8,0.9,2.8,0.324,0.8,2.5,0.319,0.1,0.4,0.357,0.462,0.3,0.3,0.909,0.4,0.6,1.0,0.4,0.2,0.1,0.1,1.0,2.9,
508.0,Tyler Smith,20.0,MIL,PF,15.0,0.0,5.0,1.1,2.3,0.5,0.5,1.3,0.4,0.6,0.9,0.643,0.618,0.1,0.3,0.5,0.3,1.0,1.3,0.3,0.1,0.2,0.4,0.5,2.9,
509.0,Branden Carlson,25.0,OKC,C,18.0,0.0,5.8,1.0,2.1,0.474,0.7,1.7,0.433,0.3,0.4,0.625,0.645,0.1,0.1,1.0,0.3,1.2,1.4,0.3,0.1,0.3,0.1,0.7,2.8,
510.0,Mason Jones,26.0,SAC,SG,5.0,0.0,5.6,1.2,2.4,0.5,0.2,1.2,0.167,1.0,1.2,0.833,0.542,0.2,0.4,0.5,0.4,1.2,1.6,1.8,0.0,0.0,0.2,0.2,2.8,
511.0,A.J. Lawson,24.0,TOR,SG,4.0,0.0,3.8,1.0,2.0,0.5,0.5,1.3,0.4,0.5,0.8,0.667,0.625,0.3,0.8,0.333,0.3,0.5,0.8,0.0,0.0,0.0,0.0,0.0,2.8,
512.0,AJ Johnson,20.0,2TM,SG,10.0,0.0,7.0,1.1,2.7,0.407,0.4,1.0,0.4,0.7,1.7,0.412,0.481,0.1,0.2,0.5,0.0,0.9,0.9,1.2,0.1,0.0,0.5,0.5,2.7,
513.0,AJ Johnson,20.0,MIL,SG,7.0,0.0,6.3,1.1,2.7,0.421,0.4,0.7,0.6,0.7,2.0,0.357,0.5,0.1,0.3,0.5,0.0,1.0,1.0,1.0,0.1,0.0,0.6,0.0,2.9,
514.0,AJ Johnson,20.0,WAS,SG,3.0,0.0,8.7,1.0,2.7,0.375,0.3,1.7,0.2,0.7,1.0,0.667,0.438,0.0,0.0,,0.0,0.7,0.7,1.7,0.0,0.0,0.3,1.7,2.3,
515.0,Drew Peterson,25.0,BOS,PF,14.0,0.0,9.1,0.9,1.8,0.48,0.6,1.4,0.421,0.3,0.4,0.667,0.64,0.4,0.5,0.857,0.4,1.6,1.9,0.8,0.1,0.1,0.4,0.9,2.7,
516.0,Kobe Brown,25.0,LAC,PF,23.0,0.0,7.6,1.1,2.3,0.5,0.2,0.8,0.222,1.0,1.5,0.647,0.538,0.2,0.2,0.8,0.7,1.4,2.0,0.7,0.1,0.1,0.3,0.7,2.6,
517.0,John Konchar,28.0,MEM,SG,29.0,3.0,13.0,1.0,2.3,0.424,0.5,1.6,0.326,0.4,0.7,0.65,0.538,0.2,0.2,0.833,0.9,2.7,3.6,1.0,0.5,0.4,0.3,0.9,2.6,
518.0,Zeke Nnaji,24.0,DEN,PF,34.0,2.0,8.3,1.1,2.2,0.493,0.2,0.8,0.222,0.9,1.4,0.646,0.533,0.3,0.4,0.6,0.4,1.0,1.4,0.3,0.3,0.4,0.2,0.9,2.6,
519.0,E.J. Liddell,24.0,CHI,PF,6.0,0.0,5.2,0.8,1.3,0.625,0.5,1.0,0.5,0.3,0.3,1.0,0.813,0.3,0.3,1.0,0.2,0.7,0.8,0.5,0.2,0.2,0.3,1.3,2.5,
520.0,Josh Minott,22.0,MIN,SF,33.0,0.0,6.8,1.0,2.2,0.451,0.2,0.9,0.226,0.8,1.2,0.625,0.5,0.3,0.4,0.846,0.3,0.8,1.1,0.4,0.4,0.3,0.2,0.8,2.5,
521.0,Jackson Rowe,28.0,GSW,PF,4.0,0.0,8.5,1.0,3.0,0.333,0.5,2.3,0.222,0.5,0.8,0.667,0.417,0.0,0.5,0.0,0.0,1.8,1.8,0.8,0.8,0.0,0.0,1.0,2.5,
522.0,Delon Wright,32.0,2TM,PG,27.0,2.0,15.1,0.8,3.0,0.268,0.4,1.8,0.245,0.4,1.2,0.303,0.341,0.3,0.6,0.563,0.6,1.1,1.7,1.8,0.9,0.3,0.5,0.6,2.4,
523.0,Delon Wright,32.0,MIL,PG,26.0,2.0,15.6,0.8,3.2,0.268,0.5,1.9,0.245,0.4,1.3,0.303,0.341,0.3,0.6,0.563,0.6,1.2,1.8,1.8,0.9,0.3,0.5,0.7,2.5,
524.0,Delon Wright,32.0,NYK,PG,1.0,0.0,3.0,0.0,0.0,,0.0,0.0,,0.0,0.0,,,0.0,0.0,,0.0,0.0,0.0,0.0,0.0,0.0,0.0,0.0,0.0,
525.0,Johnny Davis,22.0,WAS,SG,34.0,0.0,7.1,0.9,2.3,0.41,0.2,0.9,0.241,0.7,1.4,0.51,0.455,0.3,0.4,0.6,0.3,0.8,1.1,0.3,0.4,0.2,0.2,0.5,2.4,
526.0,Trey Jemison,25.0,2TM,C,23.0,0.0,9.8,1.0,2.0,0.511,0.0,0.0,,1.0,2.0,0.511,0.511,0.4,1.1,0.36,1.1,1.6,2.7,0.5,0.3,0.4,0.6,1.9,2.4,
527.0,Trey Jemison,25.0,NOP,C,16.0,0.0,10.4,0.9,2.0,0.469,0.0,0.0,,0.9,2.0,0.469,0.469,0.5,1.3,0.381,1.4,1.4,2.8,0.6,0.4,0.4,0.6,1.7,2.4,
528.0,Trey Jemison,25.0,LAL,C,7.0,0.0,8.6,1.1,1.9,0.615,0.0,0.0,,1.1,1.9,0.615,0.615,0.1,0.6,0.25,0.6,2.0,2.6,0.3,0.1,0.6,0.6,2.3,2.4,
529.0,Rayan Rupert,20.0,POR,SG,37.0,0.0,7.9,0.9,2.1,0.405,0.3,1.0,0.278,0.6,1.2,0.512,0.468,0.4,0.5,0.722,0.6,0.6,1.2,0.4,0.2,0.1,0.5,0.5,2.4,
530.0,Markieff Morris,35.0,2TM,PF,10.0,0.0,6.1,0.8,3.2,0.25,0.5,2.0,0.25,0.3,1.2,0.25,0.328,0.2,0.2,1.0,0.0,0.9,0.9,0.7,0.1,0.1,0.3,0.5,2.3,
531.0,Markieff Morris,35.0,DAL,PF,7.0,0.0,5.9,0.7,3.1,0.227,0.3,1.9,0.154,0.4,1.3,0.333,0.273,0.0,0.0,,0.0,1.1,1.1,0.6,0.1,0.1,0.3,0.3,1.7,
532.0,Markieff Morris,35.0,LAL,PF,3.0,0.0,6.7,1.0,3.3,0.3,1.0,2.3,0.429,0.0,1.0,0.0,0.45,0.7,0.7,1.0,0.0,0.3,0.3,1.0,0.0,0.0,0.3,1.0,3.7,
533.0,Vlatko Čančar,27.0,DEN,PF,4.0,0.0,8.5,1.0,1.8,0.571,0.3,0.5,0.5,0.8,1.3,0.6,0.643,0.0,0.0,,0.8,1.3,2.0,0.0,0.0,0.3,0.5,1.0,2.3,
534.0,Lester Quiñones,24.0,PHI,SG,4.0,0.0,4.3,1.0,2.0,0.5,0.0,0.8,0.0,1.0,1.3,0.8,0.5,0.3,0.3,1.0,0.8,0.3,1.0,0.3,0.0,0.0,1.0,0.0,2.3,
535.0,Duop Reath,28.0,POR,C,26.0,0.0,5.3,0.8,2.0,0.385,0.5,1.4,0.333,0.3,0.6,0.5,0.5,0.3,0.4,0.8,0.3,0.5,0.8,0.2,0.0,0.1,0.2,0.6,2.3,
536.0,Dillon Jones,23.0,OKC,SF,35.0,0.0,9.2,0.8,2.4,0.333,0.3,1.3,0.2,0.5,1.1,0.487,0.387,0.3,0.6,0.55,0.7,1.4,2.1,1.0,0.2,0.1,0.4,1.0,2.2,
537.0,Kai Jones,24.0,LAC,C,28.0,0.0,7.4,0.9,1.3,0.722,0.0,0.1,0.0,0.9,1.2,0.765,0.722,0.3,0.4,0.75,0.5,1.1,1.6,0.4,0.2,0.5,0.4,0.8,2.2,
538.0,Christian Koloko,24.0,LAL,C,29.0,0.0,8.5,1.0,1.5,0.651,0.0,0.1,0.0,1.0,1.4,0.683,0.651,0.2,0.3,0.875,1.0,1.2,2.2,0.4,0.2,0.3,0.2,1.1,2.2,
539.0,Hunter Tyson,24.0,DEN,PF,39.0,0.0,7.7,0.7,1.8,0.375,0.4,1.2,0.319,0.3,0.6,0.48,0.479,0.4,0.6,0.696,0.3,1.2,1.5,0.4,0.1,0.1,0.3,0.9,2.2,
540.0,Patrick Baldwin Jr.,22.0,WAS,SF,22.0,0.0,4.6,0.8,1.5,0.515,0.5,1.0,0.524,0.3,0.5,0.5,0.682,0.1,0.2,0.5,0.2,0.8,1.0,0.1,0.1,0.1,0.2,0.2,2.1,
541.0,Chris Duarte,27.0,CHI,SG,17.0,0.0,4.4,0.7,1.5,0.462,0.4,0.9,0.4,0.4,0.6,0.545,0.577,0.4,0.5,0.75,0.3,0.9,1.2,0.5,0.0,0.0,0.1,0.4,2.1,
542.0,Kessler Edwards,24.0,DAL,SF,26.0,6.0,11.2,0.8,2.0,0.415,0.3,0.9,0.292,0.6,1.1,0.517,0.481,0.1,0.1,1.0,0.4,1.7,2.1,0.9,0.4,0.4,0.3,1.0,2.1,
543.0,Pete Nance,24.0,PHI,C,7.0,0.0,9.7,0.7,2.1,0.333,0.6,1.7,0.333,0.1,0.4,0.333,0.467,0.1,0.3,0.5,0.3,1.1,1.4,0.4,0.1,0.0,0.0,1.4,2.1,
544.0,Reece Beekman,23.0,2TM,PG,22.0,0.0,10.1,0.8,2.3,0.353,0.2,0.9,0.211,0.6,1.5,0.438,0.392,0.2,0.4,0.556,0.2,0.5,0.7,1.4,0.6,0.1,0.5,0.6,2.0,
545.0,Reece Beekman,23.0,GSW,PG,2.0,0.0,2.0,0.5,0.5,1.0,0.0,0.0,,0.5,0.5,1.0,1.0,0.0,0.0,,0.5,0.0,0.5,0.5,0.5,0.0,0.0,0.5,1.0,
546.0,Reece Beekman,23.0,BRK,PG,20.0,0.0,10.9,0.9,2.5,0.34,0.2,1.0,0.211,0.7,1.6,0.419,0.38,0.3,0.5,0.556,0.2,0.5,0.7,1.5,0.6,0.1,0.6,0.7,2.2,
547.0,MarJon Beauchamp,24.0,2TM,SF,28.0,0.0,4.5,0.7,1.8,0.388,0.3,0.8,0.348,0.4,0.9,0.423,0.469,0.3,0.4,0.75,0.3,0.9,1.1,0.3,0.1,0.0,0.5,0.4,2.0,
548.0,MarJon Beauchamp,24.0,MIL,SF,26.0,0.0,4.7,0.7,1.8,0.383,0.3,0.8,0.333,0.4,1.0,0.423,0.457,0.3,0.5,0.75,0.3,1.0,1.2,0.3,0.1,0.0,0.5,0.4,2.0,
549.0,MarJon Beauchamp,24.0,LAC,SF,2.0,0.0,2.5,0.5,1.0,0.5,0.5,1.0,0.5,0.0,0.0,,0.75,0.0,0.0,,0.0,0.0,0.0,0.5,0.0,0.0,0.0,0.0,1.5,
550.0,Keion Brooks Jr.,24.0,NOP,SF,2.0,0.0,5.0,0.5,1.0,0.5,0.0,0.5,0.0,0.5,0.5,1.0,0.5,1.0,2.0,0.5,0.5,1.0,1.5,0.5,0.0,0.0,0.0,0.5,2.0,
551.0,Jalen Hood-Schifino,21.0,LAL,SG,2.0,0.0,7.0,0.5,0.5,1.0,0.0,0.0,,0.5,0.5,1.0,1.0,1.0,1.0,1.0,0.5,0.0,0.5,0.5,0.0,0.5,0.5,1.5,2.0,
552.0,Cory Joseph,33.0,ORL,PG,31.0,0.0,7.3,0.7,2.0,0.361,0.5,1.4,0.357,0.2,0.6,0.368,0.484,0.1,0.1,0.5,0.2,0.5,0.7,0.8,0.4,0.1,0.4,0.6,2.0,
553.0,Alex Reese,25.0,OKC,PF,1.0,0.0,2.0,1.0,1.0,1.0,0.0,0.0,,1.0,1.0,1.0,1.0,0.0,0.0,,1.0,0.0,1.0,0.0,0.0,0.0,0.0,0.0,2.0,
554.0,Adama Sanogo,22.0,CHI,C,4.0,0.0,5.3,1.0,1.8,0.571,0.0,0.0,,1.0,1.8,0.571,0.571,0.0,0.0,,1.3,0.3,1.5,0.3,0.0,0.0,0.3,0.3,2.0,
555.0,Jordan McLaughlin,28.0,2TM,PG,29.0,0.0,6.6,0.6,1.5,0.364,0.3,0.9,0.385,0.2,0.6,0.333,0.477,0.4,0.6,0.688,0.1,0.6,0.7,0.8,0.4,0.0,0.4,0.4,1.8,
556.0,Jordan McLaughlin,28.0,SAC,PG,28.0,0.0,6.8,0.6,1.6,0.364,0.4,0.9,0.385,0.2,0.6,0.333,0.477,0.4,0.6,0.688,0.1,0.6,0.8,0.9,0.4,0.0,0.4,0.5,1.9,
557.0,Jordan McLaughlin,28.0,SAS,PG,1.0,0.0,0.0,0.0,0.0,,0.0,0.0,,0.0,0.0,,,0.0,0.0,,0.0,0.0,0.0,0.0,0.0,0.0,0.0,0.0,0.0,
558.0,Cam Christie,19.0,LAC,SG,6.0,0.0,5.2,0.7,2.0,0.333,0.3,1.3,0.25,0.3,0.7,0.5,0.417,0.2,0.3,0.5,0.2,0.8,1.0,0.3,0.3,0.0,0.3,0.3,1.8,
559.0,Johnny Furphy,20.0,IND,SG,34.0,0.0,7.1,0.6,1.7,0.368,0.3,0.9,0.344,0.3,0.7,0.4,0.465,0.3,0.3,1.0,0.5,0.7,1.2,0.3,0.3,0.2,0.3,0.7,1.8,
560.0,Anthony Gill,32.0,WAS,PF,37.0,0.0,5.6,0.6,1.2,0.5,0.1,0.4,0.333,0.5,0.8,0.586,0.557,0.5,0.8,0.607,0.2,0.6,0.8,0.2,0.2,0.1,0.2,0.5,1.8,
561.0,Tyler Kolek,23.0,NYK,PG,29.0,0.0,5.1,0.6,1.6,0.383,0.4,1.0,0.393,0.2,0.7,0.368,0.5,0.2,0.2,1.0,0.1,0.4,0.5,0.8,0.2,0.0,0.3,0.4,1.8,
562.0,Leonard Miller,21.0,MIN,SF,8.0,0.0,2.8,0.4,1.5,0.25,0.0,0.6,0.0,0.4,0.9,0.429,0.25,1.0,1.0,1.0,0.4,0.9,1.3,0.0,0.1,0.1,0.3,0.3,1.8,
563.0,Enrique Freeman,24.0,IND,PF,19.0,1.0,7.3,0.6,1.3,0.48,0.1,0.3,0.167,0.6,1.0,0.579,0.5,0.4,0.7,0.538,0.3,0.7,1.0,0.4,0.1,0.1,0.3,0.9,1.7,
564.0,Jaden Springer,22.0,BOS,SG,26.0,0.0,5.4,0.5,1.3,0.353,0.2,0.7,0.316,0.2,0.6,0.4,0.441,0.6,0.8,0.714,0.2,0.8,0.9,0.4,0.5,0.0,0.2,0.7,1.7,
565.0,Tristan Thompson,33.0,CLE,C,28.0,0.0,7.8,0.8,1.7,0.438,0.0,0.1,0.0,0.8,1.6,0.467,0.438,0.2,0.8,0.227,0.7,2.3,3.0,0.7,0.0,0.3,0.4,0.9,1.7,
566.0,Keshad Johnson,23.0,MIA,SF,10.0,0.0,5.7,0.7,1.2,0.583,0.1,0.4,0.25,0.6,0.8,0.75,0.625,0.1,0.6,0.167,0.2,1.5,1.7,0.3,0.1,0.4,0.3,0.5,1.6,
567.0,Bryce McGowens,22.0,POR,SG,8.0,0.0,2.6,0.5,0.9,0.571,0.0,0.3,0.0,0.5,0.6,0.8,0.571,0.6,0.8,0.833,0.1,0.0,0.1,0.1,0.1,0.0,0.4,0.3,1.6,
568.0,Jericho Sims,26.0,NYK,C,39.0,5.0,10.8,0.7,1.2,0.609,0.0,0.0,,0.7,1.2,0.609,0.609,0.2,0.3,0.615,1.3,2.0,3.3,0.6,0.2,0.3,0.5,1.2,1.6,
569.0,Armel Traoré,22.0,LAL,SF,9.0,0.0,7.4,0.7,2.1,0.316,0.0,0.8,0.0,0.7,1.3,0.5,0.316,0.2,0.8,0.286,0.2,1.4,1.7,0.1,0.4,0.2,0.3,0.7,1.6,
570.0,Jordan Walsh,20.0,BOS,PF,37.0,1.0,7.6,0.5,1.5,0.357,0.3,1.1,0.282,0.2,0.5,0.529,0.455,0.2,0.3,0.583,0.4,0.7,1.1,0.3,0.2,0.2,0.2,0.5,1.6,
571.0,Alex Len,31.0,2TM,C,37.0,3.0,7.6,0.6,1.2,0.522,0.0,0.2,0.167,0.6,1.1,0.575,0.533,0.2,0.4,0.538,0.7,1.2,1.9,0.9,0.2,0.5,0.3,1.0,1.5,
572.0,Alex Len,31.0,SAC,C,36.0,3.0,7.2,0.6,1.1,0.537,0.0,0.2,0.167,0.6,1.0,0.6,0.549,0.2,0.4,0.538,0.7,1.1,1.8,0.8,0.2,0.5,0.3,1.0,1.4,
573.0,Alex Len,31.0,LAL,C,1.0,0.0,22.0,2.0,5.0,0.4,0.0,0.0,,2.0,5.0,0.4,0.4,0.0,0.0,,2.0,5.0,7.0,2.0,0.0,1.0,0.0,3.0,4.0,
574.0,Pacome Dadiet,19.0,NYK,SG,13.0,0.0,6.4,0.5,1.5,0.3,0.4,1.1,0.357,0.1,0.5,0.167,0.425,0.2,0.2,1.0,0.0,1.0,1.0,0.4,0.1,0.2,0.1,0.4,1.5,
575.0,Alex Ducas,24.0,OKC,SG,15.0,0.0,4.7,0.5,1.5,0.364,0.5,1.1,0.438,0.1,0.4,0.167,0.523,0.0,0.0,,0.3,0.7,1.0,0.1,0.1,0.0,0.1,0.3,1.5,
576.0,David Duke Jr.,25.0,SAS,SG,2.0,0.0,6.0,0.5,2.5,0.2,0.0,0.5,0.0,0.5,2.0,0.25,0.2,0.5,1.0,0.5,0.0,1.0,1.0,1.0,0.0,0.0,0.5,0.5,1.5,
577.0,Jazian Gortman,21.0,DAL,PG,16.0,0.0,3.6,0.6,1.4,0.391,0.3,0.7,0.364,0.3,0.8,0.417,0.478,0.1,0.3,0.5,0.1,0.3,0.3,0.4,0.1,0.1,0.3,0.6,1.5,
578.0,Ariel Hukporti,22.0,NYK,C,22.0,0.0,7.5,0.6,1.0,0.609,0.0,0.0,,0.6,1.0,0.609,0.609,0.3,0.5,0.545,0.5,1.5,1.9,0.4,0.0,0.5,0.7,1.0,1.5,
579.0,Quincy Olivari,23.0,LAL,PG,2.0,0.0,5.0,0.5,2.5,0.2,0.5,2.5,0.2,0.0,0.0,,0.3,0.0,0.0,,0.0,0.0,0.0,0.5,0.0,0.0,0.5,0.0,1.5,
580.0,Dwight Powell,33.0,DAL,C,33.0,0.0,7.6,0.4,0.5,0.778,0.0,0.0,1.0,0.4,0.5,0.765,0.806,0.6,0.9,0.667,0.7,1.1,1.8,0.7,0.4,0.5,0.2,1.2,1.5,
581.0,Colin Castleton,24.0,MEM,C,10.0,0.0,4.6,0.2,1.0,0.2,0.0,0.4,0.0,0.2,0.6,0.333,0.2,1.0,1.1,0.909,0.3,0.6,0.9,0.0,0.1,0.1,0.1,0.6,1.4,
582.0,Adam Flagler,25.0,OKC,SG,22.0,0.0,4.2,0.5,2.5,0.218,0.3,2.0,0.159,0.2,0.5,0.455,0.282,0.0,0.0,,0.1,0.2,0.4,0.0,0.2,0.1,0.0,0.4,1.4,
583.0,Bronny James,20.0,LAL,SG,17.0,0.0,4.2,0.4,1.6,0.25,0.2,0.8,0.231,0.2,0.9,0.267,0.304,0.4,0.5,0.667,0.1,0.4,0.4,0.5,0.2,0.1,0.3,0.4,1.4,
584.0,Matt Ryan,27.0,NYK,SF,18.0,0.0,3.5,0.5,1.6,0.321,0.3,0.9,0.294,0.2,0.6,0.364,0.411,0.1,0.1,1.0,0.0,0.4,0.4,0.1,0.1,0.0,0.2,0.1,1.4,
585.0,Sidy Cissoko,20.0,SAS,SF,17.0,0.0,3.2,0.5,1.1,0.5,0.2,0.4,0.429,0.4,0.6,0.545,0.583,0.1,0.4,0.167,0.2,0.4,0.6,0.4,0.1,0.0,0.1,0.4,1.3,
586.0,Jack McVeigh,28.0,HOU,PF,6.0,0.0,3.5,0.5,1.8,0.273,0.3,1.3,0.25,0.2,0.5,0.333,0.364,0.0,0.0,,0.2,0.5,0.7,0.2,0.0,0.2,0.2,0.2,1.3,
587.0,JD Davison,22.0,BOS,PG,5.0,0.0,4.8,0.4,1.0,0.4,0.2,0.6,0.333,0.2,0.4,0.5,0.5,0.2,0.4,0.5,0.0,0.4,0.4,0.2,0.2,0.0,1.2,0.2,1.2,
588.0,Yuki Kawamura,23.0,MEM,PG,20.0,0.0,3.2,0.4,1.1,0.364,0.2,0.8,0.25,0.2,0.3,0.667,0.455,0.2,0.3,0.667,0.0,0.4,0.4,0.7,0.1,0.0,0.2,0.4,1.2,
589.0,Chris Livingston,21.0,MIL,SF,12.0,1.0,4.8,0.4,1.1,0.385,0.0,0.3,0.0,0.4,0.8,0.556,0.385,0.3,0.5,0.667,0.5,1.1,1.6,0.1,0.3,0.0,0.4,0.3,1.2,
590.0,PJ Hall,22.0,DEN,C,14.0,0.0,3.0,0.4,0.9,0.5,0.0,0.3,0.0,0.4,0.6,0.75,0.5,0.2,0.3,0.75,0.2,0.8,1.0,0.2,0.0,0.1,0.1,0.4,1.1,
591.0,Colby Jones,22.0,SAC,SG,24.0,0.0,5.4,0.5,1.1,0.423,0.2,0.4,0.4,0.3,0.7,0.438,0.5,0.0,0.0,,0.3,0.6,1.0,0.3,0.3,0.3,0.3,0.5,1.1,
592.0,Trey Alexander,21.0,DEN,SG,18.0,0.0,4.4,0.4,1.3,0.292,0.1,0.6,0.2,0.3,0.8,0.357,0.333,0.1,0.1,1.0,0.0,0.5,0.5,0.4,0.1,0.1,0.2,0.4,1.0,
593.0,Jared Rhoden,25.0,CHO,SG,4.0,0.0,3.0,0.5,2.0,0.25,0.0,0.5,0.0,0.5,1.5,0.333,0.25,0.0,0.0,,0.5,0.5,1.0,0.5,0.3,0.0,0.3,0.3,1.0,
594.0,Luke Travers,23.0,CLE,SG,8.0,0.0,6.4,0.4,1.1,0.333,0.0,0.5,0.0,0.4,0.6,0.6,0.333,0.3,0.3,1.0,0.5,0.8,1.3,0.6,0.1,0.1,0.6,0.5,1.0,
595.0,Emoni Bates,21.0,CLE,SF,7.0,0.0,3.9,0.3,2.0,0.143,0.3,1.6,0.182,0.0,0.4,0.0,0.214,0.0,0.0,,0.0,0.0,0.0,0.6,0.1,0.0,0.0,0.3,0.9,
596.0,Joe Ingles,37.0,MIN,SF,16.0,0.0,6.4,0.4,1.2,0.316,0.2,0.8,0.25,0.2,0.4,0.429,0.395,0.0,0.0,,0.1,0.6,0.7,1.3,0.1,0.0,0.4,0.6,0.9,
597.0,Xavier Tillman Sr.,26.0,BOS,C,27.0,1.0,7.3,0.4,1.5,0.244,0.1,0.9,0.174,0.2,0.7,0.333,0.293,0.0,0.1,0.5,0.3,1.0,1.3,0.3,0.3,0.2,0.3,0.6,0.9,
598.0,Maxwell Lewis,22.0,2TM,SF,9.0,0.0,3.4,0.3,0.8,0.429,0.1,0.1,1.0,0.2,0.7,0.333,0.5,0.0,0.0,,0.2,0.0,0.2,0.2,0.1,0.0,0.2,0.1,0.8,
599.0,Maxwell Lewis,22.0,LAL,SF,7.0,0.0,4.1,0.3,0.9,0.333,0.0,0.0,,0.3,0.9,0.333,0.333,0.0,0.0,,0.3,0.0,0.3,0.3,0.1,0.0,0.3,0.1,0.6,
600.0,Maxwell Lewis,22.0,BRK,SF,2.0,0.0,1.0,0.5,0.5,1.0,0.5,0.5,1.0,0.0,0.0,,1.5,0.0,0.0,,0.0,0.0,0.0,0.0,0.0,0.0,0.0,0.0,1.5,
601.0,Jaylen Martin,21.0,2TM,SF,4.0,0.0,1.8,0.3,1.0,0.25,0.3,0.3,1.0,0.0,0.8,0.0,0.375,0.0,0.0,,0.3,0.3,0.5,0.0,0.0,0.0,0.0,0.3,0.8,
602.0,Jaylen Martin,21.0,BRK,SF,3.0,0.0,1.7,0.3,0.7,0.5,0.3,0.3,1.0,0.0,0.3,0.0,0.75,0.0,0.0,,0.0,0.0,0.0,0.0,0.0,0.0,0.0,0.3,1.0,
603.0,Jaylen Martin,21.0,WAS,SF,1.0,0.0,2.0,0.0,2.0,0.0,0.0,0.0,,0.0,2.0,0.0,0.0,0.0,0.0,,1.0,1.0,2.0,0.0,0.0,0.0,0.0,0.0,0.0,
604.0,Jalen Bridges,23.0,PHO,SF,5.0,0.0,5.0,0.2,0.8,0.25,0.2,0.8,0.25,0.0,0.0,,0.375,0.2,0.4,0.5,0.0,0.6,0.6,0.0,0.0,0.0,0.8,0.0,0.8,
605.0,D.J. Carton,24.0,TOR,SG,4.0,0.0,8.3,0.3,1.8,0.143,0.0,0.8,0.0,0.3,1.0,0.25,0.143,0.3,0.3,1.0,0.0,1.0,1.0,0.8,0.5,0.0,1.0,0.3,0.8,
606.0,Josh Christopher,23.0,MIA,SG,8.0,0.0,3.5,0.3,0.9,0.286,0.0,0.1,0.0,0.3,0.8,0.333,0.286,0.3,0.5,0.5,0.0,0.4,0.4,0.5,0.0,0.1,0.5,0.1,0.8,
607.0,Isaiah Crawford,23.0,SAC,SF,4.0,0.0,3.5,0.3,0.8,0.333,0.0,0.3,0.0,0.3,0.5,0.5,0.333,0.3,0.5,0.5,0.0,1.0,1.0,0.0,0.0,0.0,0.0,0.3,0.8,
608.0,RayJ Dennis,23.0,IND,PG,6.0,0.0,1.8,0.2,0.5,0.333,0.2,0.5,0.333,0.0,0.0,,0.5,0.3,0.3,1.0,0.2,0.3,0.5,0.2,0.3,0.0,0.3,0.2,0.8,
609.0,PJ Dozier,28.0,MIN,SG,9.0,0.0,3.9,0.2,0.3,0.667,0.2,0.3,0.667,0.0,0.0,,1.0,0.1,0.7,0.167,0.1,0.4,0.6,0.6,0.1,0.0,0.1,0.3,0.8,
610.0,James Johnson,37.0,IND,PF,10.0,0.0,3.2,0.4,0.9,0.444,0.0,0.3,0.0,0.4,0.6,0.667,0.444,0.0,0.1,0.0,0.0,0.5,0.5,0.4,0.0,0.2,0.4,0.4,0.8,
611.0,Baylor Scheierman,24.0,BOS,SG,12.0,0.0,6.2,0.3,1.6,0.158,0.1,1.2,0.071,0.2,0.4,0.4,0.184,0.2,0.2,1.0,0.2,1.3,1.5,0.6,0.3,0.0,0.1,0.5,0.8,
612.0,Ulrich Chomche,19.0,TOR,PF,7.0,0.0,4.6,0.3,0.7,0.4,0.0,0.0,,0.3,0.7,0.4,0.4,0.1,0.3,0.5,0.6,0.6,1.1,0.3,0.0,0.1,0.3,0.7,0.7,
613.0,Liam Robbins,25.0,MIL,C,13.0,0.0,4.4,0.2,0.6,0.25,0.0,0.2,0.0,0.2,0.5,0.333,0.25,0.4,0.8,0.5,0.5,0.4,0.9,0.2,0.2,0.2,0.5,0.7,0.7,
614.0,Cui Yongxi,21.0,BRK,SG,5.0,0.0,2.0,0.2,1.4,0.143,0.0,0.6,0.0,0.2,0.8,0.25,0.143,0.2,0.4,0.5,0.0,0.4,0.4,0.0,0.0,0.0,0.0,0.0,0.6,
615.0,Garrett Temple,38.0,TOR,SG,17.0,0.0,3.9,0.2,0.9,0.2,0.1,0.4,0.143,0.1,0.5,0.25,0.233,0.2,0.2,1.0,0.1,0.5,0.6,0.6,0.4,0.1,0.2,0.4,0.6,
616.0,Stanley Umude,25.0,MIL,SG,19.0,0.0,3.2,0.2,1.1,0.2,0.1,0.6,0.182,0.1,0.5,0.222,0.25,0.1,0.2,0.5,0.2,0.5,0.7,0.1,0.2,0.1,0.1,0.3,0.6,
617.0,Spencer Jones,23.0,DEN,SF,10.0,0.0,2.7,0.2,0.8,0.25,0.1,0.6,0.167,0.1,0.2,0.5,0.313,0.0,0.0,,0.1,0.3,0.4,0.0,0.3,0.0,0.2,0.4,0.5,
618.0,Tristen Newton,23.0,2TM,SG,8.0,0.0,2.0,0.1,1.0,0.125,0.0,0.4,0.0,0.1,0.6,0.2,0.125,0.1,0.1,1.0,0.3,0.3,0.5,0.3,0.1,0.0,0.3,0.5,0.4,
619.0,Tristen Newton,23.0,IND,SG,5.0,0.0,1.6,0.2,1.2,0.167,0.0,0.6,0.0,0.2,0.6,0.333,0.167,0.2,0.2,1.0,0.0,0.0,0.0,0.2,0.0,0.0,0.2,0.4,0.6,
620.0,Tristen Newton,23.0,MIN,SG,3.0,0.0,2.7,0.0,0.7,0.0,0.0,0.0,,0.0,0.7,0.0,0.0,0.0,0.0,,0.7,0.7,1.3,0.3,0.3,0.0,0.3,0.7,0.0,
621.0,Jacob Toppin,24.0,NYK,SF,16.0,0.0,3.1,0.2,0.6,0.3,0.0,0.1,0.0,0.2,0.5,0.375,0.3,0.0,0.0,,0.1,0.6,0.7,0.3,0.1,0.0,0.1,0.2,0.4,
622.0,Malevy Leons,25.0,OKC,SF,6.0,0.0,3.5,0.0,0.3,0.0,0.0,0.2,0.0,0.0,0.2,0.0,0.0,0.3,0.7,0.5,0.2,0.3,0.5,0.2,0.0,0.0,0.2,0.7,0.3,
623.0,Daishen Nix,22.0,MIN,PG,3.0,0.0,4.3,0.0,0.3,0.0,0.0,0.3,0.0,0.0,0.0,,0.0,0.3,0.7,0.5,0.0,1.3,1.3,1.0,0.0,0.0,1.3,0.3,0.3,
624.0,Bismack Biyombo,32.0,SAS,C,1.0,0.0,0.0,0.0,0.0,,0.0,0.0,,0.0,0.0,,,0.0,0.0,,0.0,0.0,0.0,0.0,0.0,0.0,0.0,0.0,0.0,
625.0,Harrison Ingram,22.0,SAS,SF,2.0,0.0,5.5,0.0,1.0,0.0,0.0,0.5,0.0,0.0,0.5,0.0,0.0,0.0,0.0,,0.0,1.0,1.0,0.0,0.0,0.0,0.0,0.5,0.0,
626.0,Daniss Jenkins,23.0,DET,PG,4.0,0.0,2.0,0.0,1.0,0.0,0.0,1.0,0.0,0.0,0.0,,0.0,0.0,0.0,,0.0,0.0,0.0,0.0,0.0,0.0,0.3,0.3,0.0,
627.0,Bobi Klintman,21.0,DET,SF,3.0,0.0,2.7,0.0,0.7,0.0,0.0,0.3,0.0,0.0,0.3,0.0,0.0,0.0,0.0,,0.0,0.7,0.7,0.3,0.0,0.0,0.0,0.7,0.0,
628.0,Mac McClung,26.0,ORL,SG,1.0,0.0,5.0,0.0,0.0,,0.0,0.0,,0.0,0.0,,,0.0,0.0,,0.0,1.0,1.0,2.0,0.0,0.0,0.0,0.0,0.0,
629.0,Justin Minaya,25.0,POR,SF,6.0,0.0,3.0,0.0,0.2,0.0,0.0,0.0,,0.0,0.2,0.0,0.0,0.0,0.0,,0.3,0.2,0.5,0.3,0.2,0.0,0.0,0.5,0.0,
630.0,Riley Minix,24.0,SAS,SF,1.0,0.0,7.0,0.0,1.0,0.0,0.0,1.0,0.0,0.0,0.0,,0.0,0.0,0.0,,0.0,2.0,2.0,0.0,0.0,0.0,0.0,0.0,0.0,
631.0,Jahlil Okafor,29.0,IND,C,1.0,0.0,3.0,0.0,0.0,,0.0,0.0,,0.0,0.0,,,0.0,0.0,,0.0,1.0,1.0,1.0,0.0,0.0,0.0,0.0,0.0,
632.0,Chuma Okeke,26.0,PHI,PF,1.0,0.0,2.0,0.0,0.0,,0.0,0.0,,0.0,0.0,,,0.0,0.0,,0.0,1.0,1.0,0.0,0.0,0.0,0.0,0.0,0.0,
633.0,Zyon Pullin,23.0,MEM,SG,3.0,0.0,1.0,0.0,0.3,0.0,0.0,0.0,,0.0,0.3,0.0,0.0,0.0,0.0,,0.0,0.0,0.0,0.0,0.0,0.0,0.0,0.0,0.0,
634.0,Cole Swider,25.0,DET,SF,2.0,0.0,6.5,0.0,2.5,0.0,0.0,2.5,0.0,0.0,0.0,,0.0,0.0,0.0,,0.0,1.0,1.0,0.5,0.0,0.0,0.0,0.5,0.0,
,League Average,,,,,,,,,0.465,,,0.359,,,0.543,0.541,,,0.781,,,,,,,,,,
